Overall Qual,Gr Liv Area,Total Bsmt SF,1st Flr SF,Garage Cars,Garage Area,Year Built,Full Bath,Bedroom AbvGr,SalePrice
6,1656,1080.0,1656,2.0,528.0,1960,1,3,215000
5,896,882.0,896,1.0,730.0,1961,1,2,105000
6,1329,1329.0,1329,1.0,312.0,1958,1,3,172000
7,2110,2110.0,2110,2.0,522.0,1968,2,3,244000
5,1629,928.0,928,2.0,482.0,1997,2,3,189900
6,1604,926.0,926,2.0,470.0,1998,2,3,195500
8,1338,1338.0,1338,2.0,582.0,2001,2,2,213500
8,1280,1280.0,1280,2.0,506.0,1992,2,2,191500
8,1616,1595.0,1616,2.0,608.0,1995,2,2,236500
7,1804,994.0,1028,2.0,442.0,1999,2,3,189000
6,1655,763.0,763,2.0,440.0,1993,2,3,175900
6,1187,1168.0,1187,2.0,420.0,1992,2,3,185000
6,1465,789.0,789,2.0,393.0,1998,2,3,180400
7,1341,1300.0,1341,2.0,506.0,1990,1,2,171500
8,1502,1488.0,1502,2.0,528.0,1985,1,1,212000
8,3279,1650.0,1690,3.0,841.0,2003,3,4,538000
8,1752,559.0,1080,2.0,492.0,1988,2,4,164000
9,1856,1856.0,1856,3.0,834.0,2010,1,1,394432
4,864,864.0,864,2.0,400.0,1951,1,2,141000
6,2073,1542.0,2073,2.0,500.0,1978,2,3,210000
6,1844,1844.0,1844,2.0,546.0,1977,2,3,190000
7,1173,1053.0,1173,2.0,528.0,1974,2,3,170000
7,1674,814.0,814,2.0,663.0,2000,2,3,216000
6,1004,1004.0,1004,2.0,480.0,1970,1,2,149000
5,1078,1078.0,1078,2.0,500.0,1971,1,3,149900
5,1056,1056.0,1056,1.0,304.0,1968,1,3,142000
4,882,882.0,882,2.0,525.0,1970,1,2,126000
4,864,864.0,864,0.0,0.0,1971,1,3,115000
7,1337,1405.0,1337,2.0,511.0,1999,2,2,184000
6,987,483.0,483,1.0,264.0,1971,1,2,96000
5,1092,525.0,525,1.0,320.0,1971,1,3,105500
6,1092,525.0,525,1.0,264.0,1971,1,3,88000
6,1069,1069.0,1069,2.0,440.0,1977,2,2,127500
6,1456,855.0,855,2.0,440.0,1975,2,3,149900
7,836,836.0,836,1.0,308.0,1975,1,2,120000
6,1456,855.0,855,2.0,440.0,1978,2,3,146000
9,2334,1590.0,1627,3.0,751.0,2009,2,3,376162
8,1704,1704.0,1704,3.0,772.0,2007,2,3,306000
9,1940,1930.0,1940,3.0,606.0,2009,2,3,395192
8,1544,1544.0,1544,3.0,868.0,2009,2,3,290941
7,1541,1541.0,1541,2.0,532.0,2005,2,3,220000
9,1698,1698.0,1698,3.0,730.0,2005,2,3,275000
8,1822,1822.0,1822,3.0,678.0,2005,2,3,259000
7,1535,1517.0,1535,2.0,532.0,2004,2,3,214000
9,2364,2330.0,2364,3.0,820.0,2009,2,2,611657
7,1358,1358.0,1358,2.0,484.0,2009,2,2,224000
9,2696,2846.0,2696,3.0,958.0,2003,2,3,500000
8,2250,1671.0,1687,3.0,756.0,2002,2,3,320000
9,1752,1752.0,1752,2.0,576.0,2005,2,2,319900
8,1370,1370.0,1370,2.0,484.0,2006,2,2,205000
7,1626,764.0,764,2.0,474.0,2003,2,2,175500
6,1324,1324.0,1324,2.0,430.0,2005,2,3,199500
7,1145,1145.0,1145,2.0,437.0,2006,2,2,160000
8,1269,1256.0,1269,2.0,430.0,2004,2,2,192000
7,1374,384.0,744,2.0,400.0,2004,2,3,184500
6,1960,860.0,860,2.0,440.0,2002,2,4,216500
7,1733,847.0,847,2.0,433.0,2004,2,3,185088
7,1430,384.0,774,2.0,400.0,2000,2,3,180000
7,2035,884.0,884,2.0,434.0,2001,2,3,222500
9,2599,1393.0,1422,3.0,779.0,1999,2,4,333168
8,2475,1629.0,1645,3.0,962.0,1998,2,4,355000
7,1720,1720.0,1720,2.0,527.0,1996,2,3,260400
8,2622,1463.0,1500,2.0,712.0,1994,2,3,325000
8,2270,1152.0,1164,3.0,671.0,1999,2,4,290000
7,1839,1195.0,1195,2.0,486.0,1998,2,4,221000
8,3238,2033.0,2053,3.0,666.0,1995,2,4,410000
8,1595,1595.0,1595,3.0,880.0,2005,2,2,221500
7,1218,1218.0,1218,2.0,676.0,2009,2,2,204500
7,1547,756.0,764,2.0,614.0,2009,2,3,215200
8,1566,1566.0,1566,2.0,750.0,2008,2,3,262500
7,1947,991.0,991,2.0,678.0,2004,2,3,254900
6,1468,1468.0,1468,2.0,528.0,2005,2,2,271500
7,2084,956.0,956,2.0,618.0,2004,2,4,233000
7,1659,831.0,831,2.0,484.0,2004,2,3,181000
7,2110,948.0,1222,2.0,463.0,1994,2,3,205000
6,923,923.0,923,1.0,264.0,1980,2,2,143000
6,1845,1055.0,1055,2.0,462.0,1992,2,3,189000
6,918,918.0,918,1.0,264.0,1979,2,2,99500
6,752,744.0,752,1.0,264.0,1984,1,2,125000
7,1744,996.0,1014,2.0,457.0,1993,2,3,194500
6,1097,1040.0,1097,2.0,480.0,1984,2,3,152000
6,1564,650.0,888,2.0,476.0,1980,2,3,171000
5,1012,816.0,1012,1.0,429.0,1920,1,2,67500
6,1902,0.0,1318,2.0,539.0,1978,2,4,112000
5,1155,1109.0,1155,2.0,576.0,1961,1,3,148000
5,894,894.0,894,1.0,336.0,1965,1,3,138500
5,900,882.0,900,1.0,280.0,1967,1,3,122000
5,1040,1040.0,1040,1.0,308.0,1963,1,3,133000
5,1040,1040.0,1040,1.0,260.0,1962,1,3,127000
6,1494,1208.0,1494,2.0,461.0,1974,2,3,169000
7,1923,750.0,1061,2.0,564.0,1992,2,3,190000
8,2349,1231.0,1251,3.0,762.0,1993,2,4,362500
8,2225,1390.0,1402,3.0,713.0,1992,2,4,285000
7,1488,1488.0,1488,2.0,506.0,2004,2,2,260000
7,1680,840.0,840,2.0,588.0,2004,2,2,190000
7,1200,600.0,600,2.0,480.0,2004,2,2,155000
7,1200,600.0,600,2.0,480.0,2004,2,2,151000
7,1200,600.0,600,2.0,480.0,2004,2,2,149500
6,1236,600.0,600,2.0,480.0,2005,2,2,152000
7,1478,1470.0,1478,2.0,484.0,2009,2,2,222000
6,1573,756.0,769,2.0,440.0,2000,2,3,177500
6,1512,756.0,756,2.0,440.0,2000,2,2,177000
7,1416,696.0,696,2.0,484.0,1999,2,3,155000
7,1080,530.0,530,2.0,496.0,2003,2,2,147110
8,1418,1642.0,1418,3.0,852.0,2010,1,1,267916
8,1848,975.0,975,2.0,592.0,2000,2,3,254000
8,788,728.0,788,2.0,484.0,1980,1,1,155000
8,1226,1226.0,1226,2.0,484.0,1978,1,1,206000
6,1479,725.0,725,2.0,475.0,1976,2,3,130500
7,1492,1492.0,1492,2.0,596.0,2002,2,3,230000
6,1829,1829.0,1829,2.0,535.0,1967,2,4,218500
6,2495,1280.0,1280,2.0,660.0,1993,2,4,243500
6,1610,1610.0,1610,2.0,480.0,1977,2,3,205000
6,1891,1224.0,1287,2.0,678.0,1978,3,3,212500
7,1714,980.0,980,2.0,496.0,1988,2,3,196500
6,1381,1161.0,1381,2.0,676.0,1972,1,3,197500
6,1645,715.0,930,2.0,441.0,1971,1,4,171000
5,1232,1232.0,1232,2.0,490.0,1966,1,3,142250
6,1328,1328.0,1328,2.0,528.0,1963,1,3,143000
4,1225,950.0,1225,0.0,0.0,1959,1,3,128950
5,1209,1209.0,1209,2.0,504.0,1966,1,3,159000
5,1510,1510.0,1510,2.0,517.0,1967,2,3,178900
6,1775,533.0,1131,2.0,480.0,1964,2,3,136300
5,1152,1152.0,1152,2.0,484.0,1964,1,3,180500
6,1054,936.0,1054,2.0,480.0,1963,1,3,137500
5,1728,1728.0,1728,0.0,0.0,1962,2,6,84900
5,1078,1078.0,1078,1.0,240.0,1950,1,2,142125
5,2461,1140.0,1929,2.0,400.0,1952,2,3,197600
6,1556,782.0,1019,2.0,470.0,1949,2,3,172500
5,858,858.0,858,0.0,0.0,1958,1,2,116500
3,1306,728.0,1306,0.0,0.0,1940,1,3,76500
5,1063,1056.0,1063,1.0,280.0,1954,1,3,128000
6,1520,1156.0,1520,1.0,364.0,1955,1,3,153000
5,1268,1268.0,1268,1.0,244.0,1954,1,2,132000
6,1128,1080.0,1128,1.0,315.0,1966,1,2,178000
5,2274,1105.0,1105,2.0,480.0,1960,2,5,154300
7,2207,1947.0,2207,2.0,576.0,1970,2,3,180000
6,1888,1517.0,1888,2.0,578.0,1966,2,2,190000
5,1604,1604.0,1604,2.0,576.0,1958,2,4,135000
7,1480,1480.0,1480,2.0,620.0,2003,2,3,214000
5,1143,1143.0,1143,1.0,308.0,1959,1,3,136000
5,1700,1398.0,1700,2.0,447.0,1959,1,4,165500
5,1314,1314.0,1314,1.0,294.0,1957,1,3,145000
6,1194,1194.0,1194,1.0,312.0,1959,1,3,148000
5,1188,1188.0,1188,2.0,531.0,1959,1,3,142000
5,1264,1268.0,1264,2.0,461.0,1960,1,3,167500
5,1206,1206.0,1206,1.0,312.0,1959,1,3,108538
6,1580,1244.0,1580,2.0,440.0,1959,1,3,159500
4,1337,832.0,832,1.0,263.0,1956,1,3,108000
5,1064,864.0,1064,1.0,318.0,1952,1,2,135000
5,972,972.0,972,1.0,305.0,1955,1,3,122500
5,988,988.0,988,1.0,264.0,1958,1,2,119000
5,1057,1057.0,1057,1.0,246.0,1953,1,3,109000
4,985,576.0,985,2.0,676.0,1920,1,2,105000
5,827,0.0,827,1.0,392.0,1955,1,2,107500
5,1086,1086.0,1086,2.0,490.0,1954,1,3,144900
5,936,936.0,936,1.0,308.0,1956,1,2,129000
6,1458,912.0,912,1.0,330.0,1948,1,3,97500
6,1056,1056.0,1056,2.0,576.0,1980,0,0,144000
5,1287,1063.0,1287,2.0,576.0,1959,1,3,162000
7,2978,710.0,1898,2.0,564.0,1967,2,5,242000
6,1224,816.0,816,1.0,280.0,1948,1,3,132000
5,1246,1246.0,1246,1.0,305.0,1959,1,3,154000
5,1385,910.0,910,2.0,720.0,1952,2,4,166000
5,900,900.0,900,2.0,576.0,1951,1,3,134800
6,1116,1116.0,1116,2.0,440.0,1962,1,3,160000
5,1175,1175.0,1175,2.0,484.0,1960,1,3,148000
6,1395,1395.0,1395,2.0,440.0,1963,1,2,192000
6,1839,756.0,1051,2.0,442.0,1966,1,4,155000
4,1844,709.0,1157,1.0,240.0,1900,1,3,80400
4,1140,576.0,792,0.0,0.0,1910,1,3,96500
5,936,936.0,936,0.0,0.0,1920,1,2,109500
5,1028,1008.0,1028,2.0,360.0,1927,1,2,115000
5,1347,1347.0,1347,2.0,551.0,1957,1,3,143000
3,1605,840.0,840,1.0,379.0,1915,2,3,107400
4,747,747.0,747,1.0,220.0,1945,1,2,80000
5,804,788.0,804,1.0,240.0,1940,1,2,119000
5,1316,926.0,926,2.0,484.0,1929,1,3,130000
6,1251,827.0,827,1.0,240.0,1938,1,3,119000
5,1633,1027.0,1027,1.0,240.0,1948,1,3,129000
5,1245,1008.0,1060,1.0,315.0,1920,1,3,100000
2,832,678.0,832,2.0,780.0,1923,1,2,12789
6,720,624.0,720,2.0,484.0,1928,1,2,105900
8,1566,930.0,930,1.0,288.0,1900,2,3,150000
5,1652,686.0,966,1.0,416.0,1915,2,4,139000
8,2268,346.0,1157,2.0,624.0,1890,3,3,240000
5,2256,840.0,1128,0.0,0.0,1910,2,4,76500
6,1236,912.0,1236,2.0,923.0,1957,1,2,149700
4,1363,622.0,741,2.0,528.0,1910,1,3,125500
4,2290,777.0,1246,2.0,560.0,1885,2,4,122500
6,1470,738.0,868,2.0,624.0,1922,1,2,140750
5,1612,988.0,1030,1.0,363.0,1950,1,3,128500
7,2068,1108.0,1160,1.0,315.0,1922,1,3,209500
4,765,765.0,765,1.0,200.0,1925,1,2,87000
6,1132,608.0,608,1.0,240.0,1939,1,2,134000
6,1196,572.0,848,2.0,576.0,1940,1,3,128000
5,1453,835.0,955,1.0,240.0,1942,1,3,132000
6,1416,780.0,780,1.0,312.0,1948,1,3,139900
5,1040,528.0,548,2.0,624.0,1936,1,2,123900
5,1536,928.0,928,2.0,480.0,1930,2,4,138400
6,1068,1124.0,1068,1.0,288.0,1923,1,2,109500
7,1710,576.0,902,2.0,480.0,1921,2,3,140000
4,1962,888.0,888,2.0,572.0,1915,1,4,149500
6,1560,780.0,780,0.0,0.0,1912,1,3,159900
6,1324,662.0,662,1.0,180.0,1920,1,3,122000
5,816,816.0,816,2.0,516.0,1963,1,2,110000
4,1092,0.0,372,0.0,0.0,1930,2,3,55000
5,1812,360.0,1032,2.0,672.0,1900,2,4,140000
7,2403,1032.0,1207,1.0,349.0,1940,2,4,244400
5,1675,1422.0,1675,1.0,365.0,1959,2,3,173000
5,1224,689.0,725,1.0,180.0,1917,1,3,107500
5,1392,1212.0,1212,0.0,0.0,1915,1,3,100000
6,919,600.0,600,1.0,231.0,1940,1,3,95000
4,1884,707.0,942,0.0,0.0,1907,1,4,93369
5,1680,856.0,936,2.0,450.0,1910,2,2,114900
5,1020,780.0,780,0.0,0.0,1875,1,2,94000
4,1832,1832.0,1832,0.0,0.0,1967,2,4,136000
4,1768,1768.0,1768,0.0,0.0,1968,2,4,136500
5,1039,1039.0,1039,2.0,504.0,1965,1,3,131500
5,1392,1392.0,1392,2.0,528.0,1957,1,3,121500
5,912,912.0,912,1.0,336.0,1967,1,3,125000
5,1060,1060.0,1060,1.0,270.0,1968,1,3,154000
5,892,864.0,892,1.0,416.0,1966,1,3,137900
6,1352,663.0,663,1.0,299.0,1969,1,4,158000
5,864,864.0,864,1.0,280.0,1968,1,2,137250
5,1373,1319.0,1373,2.0,591.0,1978,1,3,160250
5,1440,720.0,720,2.0,480.0,1968,1,4,163000
6,1386,672.0,672,2.0,440.0,1978,2,3,158900
7,2260,1306.0,1306,2.0,533.0,1996,2,3,328000
7,1483,1420.0,1483,2.0,690.0,1977,1,1,270000
4,756,660.0,756,2.0,440.0,1927,1,2,85000
4,1067,1067.0,1067,2.0,436.0,1950,2,2,128000
7,1524,1332.0,1332,2.0,586.0,1979,0,0,260000
6,1981,1117.0,1117,2.0,522.0,1978,2,4,230000
3,1610,972.0,1052,1.0,480.0,1938,2,4,124000
5,835,458.0,835,1.0,366.0,1920,1,2,83000
6,1074,663.0,1074,1.0,467.0,1950,1,3,144500
5,1144,1144.0,1144,1.0,596.0,1956,1,3,129000
4,1531,756.0,1169,1.0,209.0,1947,1,3,127000
5,1172,1172.0,1172,1.0,366.0,1954,1,3,128000
6,1212,1212.0,1212,2.0,460.0,2009,2,3,186000
7,1508,1508.0,1508,2.0,572.0,2009,1,1,308030
5,1298,1250.0,1298,2.0,504.0,1964,2,3,114000
4,930,0.0,930,1.0,308.0,1946,1,2,84900
6,1732,741.0,977,2.0,476.0,1985,2,3,178000
7,1433,1433.0,1433,2.0,528.0,1987,1,1,270000
6,1802,946.0,964,4.0,1017.0,1993,2,3,218000
7,1949,1050.0,1062,2.0,574.0,1993,2,3,236000
6,996,936.0,996,2.0,564.0,1992,1,2,147000
8,1694,1694.0,1694,3.0,776.0,2008,2,3,245350
7,1208,1187.0,1208,2.0,632.0,2006,2,2,206000
7,1226,1226.0,1226,3.0,740.0,2009,2,3,198900
7,1222,1222.0,1222,2.0,615.0,2010,2,2,187000
7,3222,1673.0,1699,3.0,594.0,1990,3,5,320000
6,1445,676.0,831,2.0,484.0,1900,2,3,138500
6,1052,1010.0,1052,2.0,440.0,1971,1,3,155000
5,965,870.0,965,2.0,580.0,1996,1,2,159000
7,1692,878.0,892,2.0,513.0,1997,2,3,191000
6,1682,804.0,804,2.0,523.0,1998,2,3,200500
5,1026,1026.0,1026,1.0,308.0,1977,1,3,150000
6,1392,689.0,689,1.0,299.0,1977,1,3,161750
5,894,894.0,894,1.0,308.0,1976,1,3,128200
5,876,876.0,876,2.0,484.0,1972,1,3,127000
8,1978,1978.0,1978,3.0,850.0,2003,2,3,318000
8,1601,1581.0,1601,2.0,670.0,2001,2,3,272000
7,1829,941.0,941,2.0,613.0,2003,2,3,237000
7,2098,1040.0,1044,2.0,621.0,1997,2,4,240000
7,1661,1649.0,1661,2.0,598.0,1998,2,3,224900
6,848,848.0,848,2.0,420.0,2003,1,1,143750
6,848,848.0,848,2.0,420.0,2004,1,1,143000
8,1668,1657.0,1668,2.0,502.0,2003,2,3,232000
7,1484,1473.0,1484,2.0,606.0,2004,2,3,213000
7,1414,1414.0,1414,2.0,494.0,2004,2,3,185500
3,640,0.0,640,1.0,240.0,1945,1,2,84900
5,992,381.0,992,1.0,319.0,1954,1,3,155891
5,1664,0.0,1664,0.0,0.0,1965,2,4,100000
5,1196,1196.0,1196,1.0,336.0,1968,1,3,144000
4,1120,744.0,792,2.0,480.0,1948,1,2,64000
6,1096,1008.0,1096,1.0,352.0,1975,1,3,125200
6,1117,1029.0,1117,2.0,672.0,1976,1,3,107000
4,960,960.0,960,0.0,0.0,1958,1,3,90000
4,1121,1121.0,1121,2.0,440.0,2003,2,2,140000
6,1487,735.0,798,1.0,220.0,1945,1,3,113000
4,924,672.0,672,1.0,280.0,1941,1,2,80000
5,1526,1216.0,1526,1.0,364.0,1957,1,4,144500
5,1296,1107.0,1296,1.0,260.0,1924,2,2,104000
6,1647,806.0,841,1.0,216.0,1915,1,4,128000
3,864,864.0,864,1.0,200.0,1914,1,2,58500
5,1691,1026.0,1026,1.0,308.0,1924,2,3,127000
6,856,856.0,856,2.0,399.0,1939,1,2,126000
4,2650,0.0,862,0.0,0.0,1967,3,6,160000
5,1666,894.0,894,0.0,0.0,1931,1,3,100000
6,2447,804.0,1699,1.0,336.0,1919,2,4,169000
7,2133,1528.0,1225,1.0,312.0,1941,1,4,257500
5,2177,1032.0,1102,2.0,484.0,1950,2,5,215000
7,2340,1152.0,1188,1.0,252.0,1941,2,4,266500
7,1902,1902.0,1902,2.0,567.0,1959,2,3,335000
7,1652,423.0,896,2.0,473.0,1994,2,3,203135
8,1034,982.0,1034,2.0,598.0,1989,1,1,185000
8,1191,1191.0,1191,2.0,531.0,1989,2,2,162500
7,1801,1501.0,1801,2.0,484.0,1959,2,1,289000
4,1154,796.0,796,1.0,240.0,1922,1,3,125500
2,540,480.0,540,1.0,200.0,1941,1,1,82000
6,1107,629.0,727,1.0,625.0,1921,1,2,110000
4,1128,698.0,698,2.0,528.0,1920,1,2,68400
4,1178,859.0,859,1.0,384.0,1900,1,2,102776
5,1044,540.0,1044,2.0,504.0,1952,1,2,55993
4,952,756.0,952,1.0,330.0,1896,1,3,50138
8,1646,1594.0,1646,2.0,525.0,2004,2,2,246000
8,1916,1049.0,1036,3.0,741.0,1998,2,3,254900
6,1285,1243.0,1285,2.0,473.0,1977,2,3,190000
7,1560,1560.0,1560,2.0,573.0,2003,2,3,201000
6,1034,1012.0,1034,3.0,888.0,1976,1,3,169900
6,2048,1958.0,2048,2.0,776.0,1976,3,5,170000
5,1687,747.0,1687,2.0,572.0,1948,1,3,160000
7,1346,1336.0,1346,3.0,660.0,2008,2,3,220000
7,1214,1214.0,1214,2.0,520.0,2009,2,2,179781
5,1444,384.0,744,2.0,400.0,2006,2,3,174000
8,1968,774.0,774,3.0,680.0,2009,2,4,269500
7,1894,817.0,824,2.0,510.0,2002,2,4,214900
8,1908,967.0,993,2.0,431.0,2002,2,4,202900
9,2018,2002.0,2018,3.0,746.0,2008,2,3,378500
5,1264,1068.0,1264,2.0,528.0,1965,1,2,169000
5,1430,1430.0,1430,2.0,624.0,2004,2,3,173500
6,1824,912.0,912,0.0,0.0,1971,2,4,139000
5,1344,1344.0,1344,2.0,686.0,1999,2,3,166500
4,1092,546.0,546,1.0,286.0,1973,1,3,83500
5,945,945.0,945,1.0,253.0,1973,1,2,119500
5,1112,536.0,536,1.0,336.0,1976,1,3,85000
4,1092,546.0,546,0.0,0.0,1970,1,3,76000
4,630,630.0,630,0.0,0.0,1972,1,1,75500
4,1092,546.0,546,0.0,0.0,1970,1,3,88250
4,1092,546.0,546,1.0,286.0,1972,1,3,85500
5,874,864.0,874,1.0,352.0,1971,1,3,130000
5,1188,1188.0,1188,1.0,312.0,1962,1,3,157900
5,833,833.0,833,2.0,495.0,1984,1,2,149900
5,2432,1216.0,1216,2.0,616.0,1985,4,4,159000
5,1274,624.0,624,2.0,576.0,1991,1,3,136000
5,1479,864.0,864,1.0,275.0,1969,2,5,161000
8,1803,1679.0,1803,2.0,482.0,1994,2,3,285000
6,1797,1152.0,1152,2.0,616.0,1993,2,3,231000
6,882,882.0,882,1.0,502.0,1956,1,2,124500
6,1434,1434.0,1434,2.0,528.0,1974,2,4,157000
8,2704,1952.0,2000,2.0,538.0,1972,2,4,345000
6,1608,945.0,945,2.0,470.0,1997,2,3,189500
8,2283,1008.0,1008,3.0,632.0,2003,2,4,270000
7,1628,384.0,958,2.0,390.0,1996,2,3,189000
9,1746,1746.0,1746,3.0,758.0,2006,2,3,377500
7,1474,384.0,804,2.0,400.0,1995,2,3,168500
8,2522,2208.0,2522,2.0,564.0,2004,2,1,375000
8,1659,1501.0,1659,2.0,499.0,2000,2,2,278000
8,1478,1418.0,1478,2.0,495.0,1998,2,2,240000
8,1734,1587.0,1734,2.0,528.0,1995,2,2,239500
7,1382,384.0,751,2.0,396.0,1998,2,3,177500
7,1718,832.0,885,2.0,427.0,1998,2,3,185000
6,1636,952.0,952,2.0,440.0,1998,2,3,191000
6,1571,799.0,799,2.0,380.0,1993,2,3,178000
6,1470,680.0,680,2.0,420.0,1993,2,3,185000
6,1516,707.0,707,2.0,409.0,1994,2,3,181316
6,1190,1181.0,1190,2.0,430.0,1993,2,3,166000
6,1593,808.0,808,2.0,389.0,1992,2,3,178000
6,1481,702.0,702,2.0,343.0,1994,2,3,174000
6,1167,1158.0,1167,2.0,400.0,1992,2,3,173000
7,1983,978.0,1005,2.0,490.0,1999,2,3,225000
7,1442,1424.0,1442,2.0,500.0,1990,2,3,180500
8,1360,1220.0,1360,2.0,565.0,1984,1,1,187500
9,2234,2216.0,2234,3.0,1166.0,2008,2,1,501837
8,2046,2046.0,2046,3.0,834.0,2008,2,3,372500
7,1530,1530.0,1530,2.0,430.0,2005,2,3,260000
5,1934,1122.0,946,2.0,567.0,1977,2,3,185000
7,2353,845.0,1153,2.0,484.0,1980,2,4,260000
6,1586,1362.0,1586,2.0,435.0,1979,2,3,181000
7,1411,1386.0,1411,2.0,544.0,1977,2,3,82500
6,1602,1602.0,1602,2.0,529.0,1977,2,3,215000
7,2050,832.0,1154,2.0,529.0,1978,2,4,154000
6,1671,1427.0,1671,2.0,484.0,1978,2,3,200000
7,2673,1043.0,1539,2.0,441.0,1980,2,4,249000
7,1472,1372.0,1472,2.0,588.0,1980,2,3,187500
6,1707,1140.0,1707,2.0,479.0,1978,2,3,184000
8,2524,2524.0,2524,2.0,542.0,1981,2,4,278000
7,1601,1271.0,1601,2.0,478.0,1978,2,3,157000
7,1370,1090.0,1370,2.0,479.0,1976,2,3,152000
5,1868,780.0,1088,2.0,484.0,1976,2,4,197500
7,1884,926.0,1016,2.0,581.0,2003,2,3,240900
8,1935,832.0,832,2.0,552.0,2009,2,3,263435
8,1874,1058.0,1058,2.0,588.0,2000,2,3,220000
8,1811,972.0,972,2.0,565.0,2002,2,3,235000
5,1621,1621.0,1621,2.0,478.0,1975,2,3,213000
6,1116,1116.0,1116,2.0,528.0,1974,2,3,167900
7,1193,1176.0,1193,2.0,506.0,1975,2,3,158000
6,1350,1064.0,1350,2.0,478.0,1974,2,3,165000
6,2119,689.0,1378,2.0,583.0,1972,2,3,158000
5,1792,896.0,896,0.0,0.0,1974,2,4,136000
5,1002,1002.0,1002,2.0,902.0,1970,1,3,148500
6,1026,1026.0,1026,2.0,440.0,1969,1,3,156000
5,1180,1180.0,1180,2.0,477.0,1970,1,2,128000
5,1050,1043.0,1050,1.0,336.0,1971,1,3,143000
4,864,864.0,864,2.0,576.0,1970,1,3,76500
4,864,864.0,864,2.0,660.0,1970,1,3,120500
4,864,864.0,864,2.0,463.0,1970,1,3,124500
4,864,864.0,864,2.0,576.0,1971,1,2,97000
4,864,864.0,864,2.0,576.0,1971,1,3,130000
6,987,483.0,483,1.0,264.0,1973,1,2,111000
5,1365,765.0,765,2.0,440.0,1970,1,3,125000
5,1302,630.0,630,1.0,280.0,1971,2,3,112000
6,987,483.0,483,1.0,288.0,1972,1,2,97000
6,987,483.0,483,1.0,264.0,1972,1,2,118000
5,1302,630.0,630,1.0,264.0,1972,2,3,119500
6,958,958.0,958,2.0,440.0,1976,2,2,143750
6,1548,804.0,804,2.0,440.0,1976,2,3,146000
6,1456,855.0,855,2.0,440.0,1976,2,3,148500
7,1055,1057.0,1055,2.0,440.0,1975,2,2,123000
6,1322,855.0,855,2.0,440.0,1974,2,3,147000
6,1456,855.0,855,2.0,440.0,1977,2,3,137900
6,1548,804.0,804,2.0,440.0,1978,2,3,147000
6,1441,855.0,855,2.0,440.0,1978,2,3,148500
6,1456,855.0,855,2.0,440.0,1978,2,3,138000
7,836,836.0,836,1.0,345.0,1976,1,2,128500
5,892,892.0,892,1.0,288.0,1967,1,3,100000
5,1120,864.0,1120,2.0,656.0,1966,1,3,148800
10,1718,1700.0,1718,3.0,786.0,2006,2,3,337500
9,2772,1776.0,1794,3.0,754.0,2007,3,4,462000
9,3140,1926.0,1966,3.0,820.0,2008,3,4,485000
10,2402,3094.0,2402,3.0,672.0,2008,2,2,555000
9,1652,1652.0,1652,2.0,840.0,2006,2,2,325000
8,1600,1566.0,1600,3.0,890.0,2007,2,3,256300
8,2042,2042.0,2042,3.0,1390.0,2008,2,3,253293
9,2690,1365.0,1365,3.0,864.0,2009,2,3,398800
9,2184,1104.0,1130,3.0,836.0,2008,2,3,335000
9,2020,2020.0,2020,3.0,896.0,2008,2,3,404000
10,2020,2006.0,2020,3.0,900.0,2009,2,3,402861
10,2296,1722.0,1728,3.0,842.0,2008,2,3,451950
10,2674,2630.0,2674,3.0,762.0,2007,2,2,610000
9,2822,1734.0,1734,3.0,1020.0,2008,3,4,582933
9,1736,1736.0,1736,3.0,834.0,2008,2,3,360000
8,1782,1782.0,1782,3.0,932.0,2004,2,3,296000
8,2520,1508.0,1508,3.0,640.0,2007,2,5,409900
8,1717,1709.0,1717,3.0,908.0,2006,2,3,255500
9,1743,1739.0,1743,3.0,927.0,2008,2,3,335000
8,1713,1713.0,1713,3.0,856.0,2004,2,3,274900
9,1531,1504.0,1531,3.0,700.0,2006,2,2,300000
9,1808,1774.0,1808,3.0,850.0,2008,2,3,324000
9,2224,1462.0,1462,3.0,738.0,2004,2,4,350000
8,1836,1836.0,1836,3.0,862.0,2004,2,3,280000
8,1629,3206.0,1629,3.0,880.0,2003,2,3,284000
7,1760,1760.0,1760,2.0,583.0,2003,2,3,269500
7,1502,1502.0,1502,2.0,644.0,2009,2,3,233170
10,2392,2392.0,2392,3.0,968.0,2003,2,3,386250
9,2452,2452.0,2452,3.0,886.0,2003,2,3,445000
8,2400,1082.0,1105,3.0,730.0,2003,3,4,290000
8,1606,1598.0,1606,3.0,871.0,2006,2,3,255900
6,1358,1358.0,1358,2.0,484.0,2005,2,2,213000
6,1306,1306.0,1306,2.0,624.0,2005,2,1,196000
6,1306,1306.0,1306,2.0,624.0,2005,2,1,184500
7,1358,1350.0,1358,2.0,484.0,2007,2,2,212500
7,1314,1314.0,1314,2.0,626.0,2007,2,2,230000
10,2492,2492.0,2492,3.0,949.0,2004,2,2,552000
8,2200,2200.0,2200,3.0,685.0,2003,2,3,382500
9,1884,1884.0,1884,2.0,649.0,2008,2,2,320000
9,1456,1451.0,1456,2.0,539.0,2008,2,2,248500
8,1712,1712.0,1712,3.0,701.0,2002,2,3,286500
8,1324,1324.0,1324,2.0,550.0,2006,2,2,254000
7,1405,1405.0,1405,2.0,478.0,2003,2,2,173000
7,1626,764.0,764,2.0,474.0,2003,2,2,173000
7,1456,728.0,728,2.0,390.0,2005,2,3,184000
6,1490,745.0,745,2.0,392.0,2005,2,3,167800
6,1484,742.0,742,2.0,390.0,2005,2,3,174000
6,1560,684.0,684,2.0,400.0,2005,2,3,174000
7,1555,1373.0,1555,3.0,660.0,2007,2,2,174000
7,1569,1386.0,1569,3.0,660.0,2007,2,1,175900
7,1555,1373.0,1555,2.0,430.0,2005,2,2,192500
7,1504,1346.0,1504,2.0,457.0,2005,2,1,181000
7,1220,1220.0,1220,2.0,397.0,2005,2,2,180000
7,1145,1145.0,1145,2.0,397.0,2005,2,2,160200
7,1432,716.0,716,2.0,432.0,2004,2,3,188500
6,2267,1010.0,1010,2.0,390.0,2002,2,4,200000
7,1374,384.0,744,2.0,400.0,2004,2,3,170000
7,1630,868.0,868,2.0,436.0,2004,2,3,189500
8,1419,408.0,779,2.0,527.0,2002,2,3,184100
7,1594,846.0,846,2.0,434.0,2004,2,3,195500
7,1489,782.0,806,2.0,400.0,2003,2,3,192000
7,1342,698.0,698,2.0,393.0,2003,2,3,178000
7,1314,1314.0,1314,2.0,626.0,2007,2,2,207500
7,2256,952.0,980,2.0,554.0,2000,2,4,236000
8,2004,870.0,878,3.0,644.0,2002,2,4,257500
6,2054,992.0,1022,2.0,390.0,2000,2,3,244000
7,1374,384.0,744,2.0,400.0,2004,2,3,167000
6,1800,982.0,1007,2.0,463.0,2000,2,3,179000
6,1514,794.0,819,2.0,394.0,2000,2,3,190000
7,1430,384.0,774,2.0,400.0,1999,2,3,156000
7,2312,1177.0,1223,3.0,658.0,1999,2,4,245000
6,1675,841.0,892,2.0,502.0,1999,2,3,181000
7,2060,992.0,1022,2.0,390.0,1999,2,3,214000
7,1430,384.0,774,2.0,410.0,1999,2,3,168000
8,2365,1252.0,1268,3.0,856.0,1999,2,3,337000
8,2794,1462.0,1490,3.0,810.0,1995,2,4,403000
8,2687,1455.0,1466,3.0,810.0,2000,2,4,327000
8,2450,1284.0,1310,3.0,1069.0,1998,2,3,340000
8,2612,1225.0,1276,3.0,676.0,1998,2,4,336000
7,2344,1264.0,1277,3.0,889.0,1996,2,3,265000
8,2063,2024.0,2063,3.0,815.0,1994,2,3,315000
7,2646,1347.0,1372,3.0,656.0,1993,2,4,260000
7,2061,1070.0,1094,2.0,647.0,1995,2,3,260000
8,2232,1173.0,1215,2.0,623.0,1993,2,3,263550
8,2448,1629.0,1686,3.0,711.0,1994,2,4,402000
7,1850,973.0,979,2.0,467.0,1994,2,3,248000
8,1468,1468.0,1468,3.0,898.0,2008,2,3,244600
8,1696,1696.0,1696,3.0,972.0,2008,2,3,275000
8,1658,1614.0,1658,3.0,726.0,2008,2,3,257500
8,1578,1573.0,1578,3.0,840.0,2008,2,3,287090
8,1702,1702.0,1702,3.0,844.0,2007,2,3,275500
8,1432,1422.0,1432,2.0,492.0,2006,2,3,245000
7,1971,1113.0,1113,2.0,689.0,2005,2,3,253000
9,2490,2458.0,2490,3.0,795.0,2005,2,2,468000
7,1852,900.0,932,2.0,644.0,2009,2,3,252678
8,1590,768.0,786,2.0,676.0,2008,2,3,210000
6,1218,1218.0,1218,2.0,676.0,2009,2,2,208300
7,1436,1436.0,1436,2.0,529.0,2008,2,3,225000
8,1314,1300.0,1314,2.0,552.0,2009,2,3,229456
7,1402,1402.0,1402,2.0,625.0,2008,2,3,229800
9,1530,1530.0,1530,3.0,984.0,2007,2,3,250000
9,1766,1766.0,1766,3.0,478.0,2009,2,2,370878
8,1448,1372.0,1448,2.0,692.0,2006,2,2,238500
10,2007,1017.0,1026,3.0,812.0,2008,2,3,310000
8,1795,900.0,909,3.0,782.0,2006,2,3,270000
8,1953,1082.0,1082,3.0,1043.0,2005,2,3,252000
7,1550,1092.0,1112,2.0,438.0,2006,2,2,241000
8,1836,1836.0,1836,2.0,517.0,2008,2,3,264500
7,1662,1652.0,1662,3.0,711.0,2006,2,3,291000
7,2094,912.0,912,2.0,615.0,2003,2,4,263000
7,1221,1221.0,1221,2.0,400.0,2004,2,2,185000
7,1553,1553.0,1553,2.0,588.0,2003,2,3,234500
7,1653,812.0,812,2.0,628.0,2003,2,3,209000
7,1218,1218.0,1218,2.0,576.0,2007,1,3,159000
7,1141,1141.0,1141,2.0,484.0,2006,1,3,152000
6,1158,1158.0,1158,0.0,0.0,2004,1,3,143500
7,1812,835.0,871,2.0,478.0,2004,2,3,193000
8,1512,1512.0,1512,3.0,845.0,2004,2,3,203000
7,1200,1176.0,1200,2.0,555.0,2003,2,2,184900
7,1114,1114.0,1114,2.0,576.0,2004,1,3,159000
5,1114,1114.0,1114,0.0,0.0,2004,1,3,142000
5,1114,1114.0,1114,2.0,576.0,2003,2,3,153000
7,1450,1450.0,1450,3.0,788.0,2008,2,2,224243
7,2122,913.0,913,2.0,559.0,1996,2,4,220000
8,1844,1844.0,1844,2.0,620.0,2005,2,2,257000
7,1434,1454.0,1434,2.0,527.0,2001,2,3,189000
6,1730,816.0,833,2.0,528.0,1992,2,3,171500
6,1217,626.0,626,1.0,288.0,1980,1,3,120000
6,1332,1332.0,1332,2.0,542.0,1990,2,2,145000
7,1540,754.0,754,2.0,495.0,1994,2,3,184000
6,1400,676.0,698,2.0,465.0,1986,2,3,162000
6,1882,0.0,964,2.0,612.0,1981,2,4,160000
4,841,721.0,841,1.0,294.0,1950,1,2,82000
6,784,784.0,784,2.0,360.0,1928,1,2,76000
5,980,980.0,980,2.0,400.0,1962,1,3,110000
5,980,980.0,980,2.0,484.0,1977,1,3,135000
5,864,864.0,864,2.0,732.0,1961,1,3,141000
5,864,864.0,864,1.0,440.0,1961,1,2,122000
5,1020,1024.0,1020,1.0,288.0,1965,2,3,124100
5,912,912.0,912,1.0,300.0,1963,1,3,129000
5,1144,864.0,1144,1.0,264.0,1961,1,3,131400
5,864,864.0,864,1.0,360.0,1965,1,3,62383
5,912,912.0,912,1.0,252.0,1962,1,3,123000
8,2014,2014.0,2014,3.0,864.0,1980,2,2,275000
7,1755,975.0,975,2.0,524.0,1991,2,3,235000
7,3005,1376.0,1376,3.0,704.0,2004,2,3,280750
6,1224,612.0,612,2.0,528.0,2009,2,2,164500
6,1224,612.0,612,2.0,528.0,2009,2,2,173733
6,1726,1726.0,1726,2.0,561.0,2008,2,2,222000
6,1256,1145.0,1256,2.0,641.0,2008,1,1,195000
6,1471,729.0,742,2.0,440.0,1999,2,3,172500
6,1512,756.0,756,2.0,440.0,2000,2,2,180000
7,1452,691.0,713,2.0,506.0,1999,2,3,156000
8,1739,970.0,983,2.0,480.0,1999,2,3,172500
8,1694,1694.0,1694,2.0,642.0,1977,2,2,318750
8,1226,1226.0,1226,2.0,484.0,1981,1,1,211500
7,1740,1740.0,1740,2.0,540.0,1981,1,2,241600
8,2499,392.0,1487,2.0,527.0,1976,2,4,180500
4,1620,1281.0,1620,2.0,490.0,1976,2,3,150000
6,1556,727.0,829,2.0,441.0,1968,1,4,154000
6,1442,1442.0,1442,2.0,615.0,1970,2,2,185000
6,1489,1489.0,1489,2.0,462.0,1968,2,3,185750
7,2090,1107.0,1107,2.0,484.0,1973,2,3,200000
7,2067,752.0,1285,2.0,784.0,1974,2,3,206000
6,1395,723.0,735,2.0,497.0,1972,1,3,162000
6,2640,932.0,1271,2.0,515.0,1967,2,5,256900
6,1724,1680.0,1724,2.0,480.0,1967,1,3,197900
5,1336,1288.0,1336,2.0,502.0,1969,2,3,163000
6,1216,1216.0,1216,1.0,336.0,1969,1,3,113000
7,2288,908.0,1316,2.0,520.0,1977,1,4,230000
6,1334,1350.0,1334,2.0,630.0,1977,2,2,167900
7,1680,1650.0,1680,2.0,583.0,1998,2,3,213250
8,1665,810.0,810,2.0,528.0,2001,2,3,227000
5,864,864.0,864,1.0,312.0,1967,1,2,130000
5,1568,1568.0,1568,2.0,440.0,1967,1,3,143000
5,925,925.0,925,1.0,429.0,1965,1,2,117500
7,2061,1165.0,1165,2.0,498.0,1974,2,4,168500
6,1320,1232.0,1320,2.0,495.0,1971,2,3,172500
6,1342,1372.0,1342,2.0,457.0,1967,2,3,161500
4,894,894.0,894,2.0,396.0,1960,1,2,141500
5,864,864.0,864,1.0,308.0,1959,1,3,118000
6,864,864.0,864,1.0,300.0,1959,1,2,127500
4,1362,1040.0,1362,3.0,768.0,1957,1,3,140000
5,1728,1048.0,1728,2.0,576.0,1956,2,3,177625
5,1776,1584.0,1776,3.0,888.0,1958,2,4,110000
6,1516,1516.0,1516,2.0,472.0,1964,1,3,167000
5,1313,1313.0,1313,2.0,610.0,1961,1,3,153000
5,1292,1292.0,1292,2.0,520.0,1964,1,3,145100
5,1154,1154.0,1154,2.0,480.0,1966,1,3,154000
5,2140,744.0,825,2.0,549.0,1965,2,4,177500
6,1445,1127.0,1445,2.0,645.0,1964,1,3,158000
5,1041,1041.0,1041,1.0,270.0,1959,1,3,124500
6,1576,1208.0,1576,2.0,368.0,1961,1,4,174500
5,960,960.0,960,1.0,330.0,1955,1,2,122000
4,708,420.0,708,0.0,0.0,1940,1,2,82500
5,1203,709.0,979,1.0,352.0,1950,1,3,110000
6,1505,1505.0,1505,2.0,505.0,1953,1,2,149500
6,1691,1680.0,1691,2.0,550.0,1967,1,2,175000
6,1644,1416.0,1644,2.0,418.0,1953,1,3,167000
5,1050,1050.0,1050,1.0,338.0,1956,1,2,128900
6,1668,856.0,1112,1.0,271.0,1950,1,3,140000
5,1113,1113.0,1113,1.0,264.0,1950,1,3,147000
5,1584,1584.0,1584,3.0,792.0,1967,2,4,124000
6,1453,1453.0,1453,2.0,530.0,1961,2,3,187500
6,1394,1394.0,1394,2.0,514.0,1963,1,3,159000
6,1567,1562.0,1567,2.0,542.0,1966,2,2,256000
7,1986,768.0,1186,2.0,486.0,1965,2,3,205000
6,2142,896.0,1182,1.0,509.0,1968,2,4,193500
6,1392,1392.0,1392,2.0,576.0,1968,1,2,110000
4,1738,715.0,1281,1.0,368.0,1920,2,4,104900
5,1144,1169.0,1144,1.0,286.0,1956,1,3,150000
6,1478,1478.0,1478,2.0,442.0,1957,1,3,156500
7,1329,1329.0,1329,2.0,441.0,1960,1,3,176000
6,988,988.0,988,1.0,297.0,1959,2,3,149500
6,1632,1240.0,1632,1.0,338.0,1958,2,3,139000
6,1215,1215.0,1215,1.0,297.0,1958,1,3,155000
5,1202,1202.0,1202,1.0,304.0,1956,1,3,120000
5,1382,1382.0,1382,1.0,350.0,1955,1,3,153000
4,1200,1200.0,1200,1.0,294.0,1956,1,3,144000
6,1382,1362.0,1382,2.0,884.0,1962,1,3,176000
5,1297,1297.0,1297,2.0,498.0,1954,1,3,153000
5,1866,1866.0,1866,2.0,495.0,1958,2,4,135000
6,1062,1062.0,1062,1.0,297.0,1954,1,3,131000
5,1319,608.0,1319,1.0,270.0,1953,1,3,123000
5,1112,631.0,1112,2.0,480.0,1951,1,2,126000
4,1005,1005.0,1005,2.0,672.0,1955,1,2,115000
5,1363,1008.0,1363,1.0,288.0,1951,1,2,164900
5,793,793.0,793,1.0,240.0,1945,1,2,113000
5,1031,1031.0,1031,1.0,230.0,1952,1,2,145500
5,1210,0.0,1210,1.0,616.0,1953,1,2,102900
3,1699,978.0,1014,2.0,420.0,1900,2,3,95000
7,1527,699.0,801,2.0,410.0,1948,1,3,152500
5,1200,1200.0,1200,1.0,246.0,1950,1,3,129900
6,972,972.0,972,1.0,240.0,1948,1,2,132000
3,792,792.0,792,1.0,366.0,1958,1,2,99900
5,1656,660.0,808,1.0,180.0,1916,2,3,135000
5,1352,676.0,676,2.0,720.0,1939,2,4,149000
4,1039,405.0,717,1.0,281.0,1900,1,2,114000
5,792,768.0,792,1.0,240.0,1924,1,2,109500
5,1078,1054.0,1078,1.0,264.0,1925,1,3,125000
4,2377,1313.0,1313,2.0,528.0,1915,2,3,142900
7,1690,560.0,930,2.0,624.0,1910,2,4,156500
2,599,416.0,599,0.0,0.0,1940,1,2,59000
4,1374,840.0,840,1.0,338.0,1920,1,2,105000
5,846,720.0,846,2.0,576.0,1920,1,2,106000
3,725,630.0,725,1.0,320.0,1890,1,1,78500
6,2544,1248.0,1248,3.0,907.0,1969,2,6,190000
6,1380,1380.0,1380,1.0,364.0,1963,1,3,154000
6,1040,1040.0,1040,2.0,480.0,1967,1,3,163000
5,2634,1248.0,1338,4.0,968.0,1969,2,6,200000
6,951,951.0,951,2.0,480.0,1958,1,2,143500
6,1105,1105.0,1105,1.0,308.0,1957,1,3,135000
5,1306,992.0,1306,1.0,756.0,1957,1,2,153000
6,1478,1478.0,1478,2.0,498.0,1960,2,3,157500
6,1142,160.0,1142,1.0,384.0,1958,1,2,113500
5,1268,832.0,1036,1.0,288.0,1949,1,3,133000
3,1040,0.0,1040,2.0,400.0,1950,2,2,92900
6,1133,795.0,765,2.0,900.0,1950,1,3,128500
4,1040,0.0,1040,2.0,420.0,1949,2,2,90000
5,1904,1208.0,1136,1.0,240.0,1950,1,3,138000
5,1041,1041.0,1041,1.0,294.0,1958,1,3,128000
5,1339,1029.0,1339,1.0,294.0,1958,1,3,139000
5,732,732.0,732,1.0,240.0,1952,1,2,118900
5,1183,528.0,1183,1.0,288.0,1959,1,3,138000
5,1148,1148.0,1148,1.0,672.0,1959,1,3,132500
4,1461,832.0,832,1.0,384.0,1949,2,4,133500
6,1495,864.0,1064,2.0,576.0,1948,1,3,135000
6,1806,780.0,993,2.0,483.0,1964,1,4,144750
5,941,941.0,941,2.0,564.0,1978,1,2,145000
6,1045,1045.0,1045,1.0,264.0,1963,1,3,127000
5,894,894.0,894,1.0,308.0,1962,1,2,109500
6,1224,818.0,818,1.0,210.0,1926,1,3,115000
5,1230,440.0,682,2.0,440.0,1910,1,2,110000
6,1378,901.0,861,1.0,162.0,1935,1,3,128900
6,1944,972.0,972,2.0,324.0,1910,2,4,103500
5,1131,676.0,676,1.0,200.0,1941,1,3,66500
5,1306,240.0,810,2.0,472.0,1910,1,3,130000
5,1464,504.0,764,0.0,0.0,1910,2,3,129000
5,1558,690.0,868,2.0,400.0,1939,1,3,150000
5,2372,994.0,1378,1.0,432.0,1892,2,4,107500
4,1701,600.0,1101,0.0,0.0,1920,2,4,94550
5,1960,960.0,960,2.0,400.0,1952,2,4,124500
7,1389,651.0,707,1.0,240.0,1946,1,3,135000
5,1447,801.0,801,0.0,0.0,1910,1,3,103000
4,936,936.0,936,2.0,576.0,1953,1,2,93000
5,1328,768.0,768,1.0,308.0,1950,1,3,129500
5,1387,811.0,811,1.0,256.0,1954,2,3,93000
4,861,861.0,861,2.0,288.0,1920,1,2,80000
2,612,0.0,612,1.0,308.0,1940,1,1,45000
3,968,600.0,600,0.0,0.0,1910,1,2,37900
5,886,190.0,886,1.0,273.0,1938,1,2,91300
5,792,624.0,792,1.0,287.0,1923,1,2,99500
4,1452,736.0,736,0.0,0.0,1920,2,2,113000
4,1510,677.0,833,2.0,720.0,1910,2,3,87500
5,1284,720.0,720,1.0,240.0,1947,1,2,110000
5,2138,849.0,1075,2.0,360.0,1898,2,2,106000
7,2640,1240.0,1320,4.0,864.0,1880,1,4,265979
6,2007,917.0,1090,1.0,357.0,1900,2,3,160000
6,1288,624.0,664,1.0,280.0,1917,1,3,119000
8,1742,916.0,916,2.0,424.0,1882,1,4,168000
4,816,624.0,816,0.0,0.0,1910,1,2,58500
7,1482,650.0,832,2.0,324.0,1920,1,3,143000
5,1022,1022.0,1022,1.0,280.0,1910,1,2,85000
5,1869,1088.0,1188,2.0,456.0,1890,1,2,124900
6,1480,972.0,1044,1.0,207.0,1920,1,3,119000
6,1521,741.0,780,3.0,640.0,1910,1,4,146500
4,720,720.0,720,0.0,0.0,1920,1,2,34900
3,797,245.0,797,0.0,0.0,1900,1,2,44000
5,1576,1324.0,1072,2.0,528.0,1923,1,3,223500
6,1432,1022.0,1432,1.0,216.0,1923,1,3,149000
7,1548,952.0,952,2.0,672.0,1925,2,3,205000
5,1654,297.0,1001,1.0,336.0,1930,2,3,137000
6,952,952.0,952,1.0,192.0,1916,1,2,121000
4,1324,672.0,757,1.0,240.0,1936,1,3,128000
6,1176,698.0,786,2.0,624.0,1937,1,2,134900
5,1348,884.0,884,1.0,216.0,1925,1,3,117000
6,1412,780.0,825,1.0,280.0,1939,1,4,132500
5,1142,468.0,822,1.0,320.0,1924,1,3,93000
6,904,884.0,904,1.0,180.0,1926,1,2,119000
5,1301,1145.0,1301,2.0,440.0,1924,1,2,100000
5,1539,927.0,1067,2.0,576.0,1936,1,3,141500
4,1573,884.0,989,1.0,240.0,1935,1,3,133000
2,800,264.0,800,0.0,0.0,1936,1,1,60000
5,875,715.0,875,1.0,180.0,1931,1,2,105000
5,995,960.0,995,1.0,264.0,1925,1,2,115000
5,1582,952.0,994,1.0,250.0,1938,2,3,150000
5,1072,1072.0,1072,5.0,1184.0,1925,1,2,126500
6,2134,844.0,1445,2.0,441.0,1916,2,5,214500
7,2019,728.0,1136,2.0,532.0,1910,1,3,167500
6,1768,1048.0,1048,2.0,576.0,1915,2,3,155000
7,1826,910.0,916,1.0,164.0,1915,1,4,155000
7,1944,672.0,1272,1.0,216.0,1915,2,3,179900
6,2229,755.0,929,0.0,0.0,1912,1,5,104000
5,2128,1040.0,1088,0.0,0.0,1922,2,4,62500
6,1930,720.0,1146,1.0,316.0,1927,2,4,149000
4,1208,780.0,848,2.0,539.0,1925,1,2,103000
6,1427,483.0,741,1.0,379.0,1915,1,3,123000
7,1864,1020.0,978,0.0,0.0,1902,2,6,97500
6,1666,1204.0,1204,1.0,384.0,1927,1,3,135000
4,892,858.0,892,0.0,0.0,1923,1,1,70000
6,1403,698.0,754,1.0,308.0,1915,1,3,116000
4,704,560.0,704,1.0,220.0,1946,1,2,88750
5,1200,1200.0,1200,0.0,0.0,1987,3,3,179000
5,1200,1200.0,1200,0.0,0.0,1987,3,3,179000
5,1152,1152.0,1152,1.0,252.0,1978,2,2,159900
1,904,683.0,904,0.0,0.0,1922,0,1,61000
6,1369,672.0,697,1.0,300.0,1925,2,3,103600
5,1112,585.0,687,1.0,226.0,1934,2,4,63000
5,1464,520.0,1464,2.0,480.0,1963,2,3,175000
5,1121,1121.0,1121,2.0,480.0,1963,1,3,139000
6,1683,918.0,918,2.0,440.0,1978,2,3,172500
5,1052,1052.0,1052,1.0,668.0,1967,1,3,113500
5,899,864.0,899,1.0,288.0,1967,1,3,130000
6,1034,456.0,1034,2.0,504.0,1978,1,3,149900
5,858,858.0,858,2.0,576.0,1982,1,2,134900
5,860,840.0,860,2.0,528.0,1982,1,2,137000
5,1092,1092.0,1092,1.0,288.0,1962,1,3,139000
5,1774,552.0,904,1.0,384.0,1961,2,4,165000
6,1138,1138.0,1138,2.0,480.0,1960,1,3,148000
5,2071,825.0,2071,1.0,336.0,1956,1,4,165000
2,660,0.0,660,0.0,0.0,1947,1,2,63900
4,1788,1104.0,1104,1.0,304.0,1957,1,5,161500
5,1473,1437.0,1473,1.0,452.0,1968,1,1,143000
4,1229,1134.0,1229,1.0,284.0,1956,1,3,135000
4,861,861.0,861,2.0,539.0,1940,1,1,82500
5,1867,1617.0,1867,1.0,303.0,1955,1,2,190000
3,1733,0.0,1733,2.0,452.0,1955,2,4,139600
4,1383,0.0,1383,2.0,498.0,1954,1,2,122000
6,1689,1436.0,1689,2.0,480.0,1956,1,3,127500
5,1073,1073.0,1073,1.0,340.0,1956,1,2,121500
5,1276,1276.0,1276,1.0,350.0,1958,1,3,60000
6,1639,747.0,892,1.0,240.0,1946,1,3,154400
4,672,672.0,672,1.0,234.0,1941,1,2,113000
5,1089,1089.0,1089,1.0,252.0,1954,1,3,125000
4,845,0.0,845,1.0,290.0,1957,1,3,84000
5,1049,1049.0,1049,1.0,266.0,1984,2,2,139500
5,1716,768.0,1148,1.0,281.0,1949,1,3,131000
6,1258,560.0,698,1.0,280.0,1939,1,2,105000
4,1510,755.0,755,1.0,296.0,1940,1,4,108000
7,1061,1054.0,1061,2.0,462.0,1990,1,1,162000
6,1338,520.0,1338,2.0,576.0,1983,1,2,156500
8,2132,1496.0,1496,2.0,612.0,1983,1,1,316600
7,2196,2158.0,2196,3.0,701.0,1990,2,3,271900
7,1775,740.0,1006,2.0,425.0,1993,2,3,213000
7,1879,1079.0,1079,2.0,473.0,1993,2,3,239900
8,2020,1128.0,1142,2.0,466.0,1995,2,3,239500
5,2016,0.0,1288,2.0,576.0,1880,1,4,131000
5,1535,0.0,1535,2.0,410.0,1979,2,4,118964
5,1224,1086.0,1224,2.0,528.0,1979,0,2,153337
5,2228,0.0,1114,2.0,720.0,1979,2,6,147983
5,1535,0.0,1535,2.0,400.0,1979,2,4,118858
5,1535,0.0,1535,2.0,400.0,1979,2,4,118858
5,2240,0.0,1120,2.0,528.0,1979,2,6,142953
5,1229,1094.0,1229,2.0,672.0,1979,0,2,148325
5,1513,0.0,1513,2.0,400.0,1979,2,4,113722
7,2787,1168.0,1168,4.0,820.0,2000,4,6,269500
7,2787,1168.0,1168,4.0,820.0,2000,4,6,269500
7,2787,1168.0,1168,4.0,820.0,2000,4,6,269500
9,1680,1555.0,1680,3.0,1138.0,2009,1,1,323262
8,1718,1705.0,1718,3.0,826.0,2007,2,3,297000
8,1630,1622.0,1630,3.0,860.0,2008,2,3,295493
9,1720,1720.0,1720,3.0,846.0,2008,2,3,332000
8,1468,1468.0,1468,3.0,904.0,2008,2,3,239900
8,1768,866.0,866,2.0,578.0,2007,2,3,212000
8,1838,1838.0,1838,2.0,524.0,2007,2,3,272500
9,1800,1800.0,1800,2.0,702.0,2007,2,2,239000
7,1604,1604.0,1604,2.0,660.0,2006,2,3,220000
7,1290,1282.0,1290,2.0,662.0,2007,2,2,200000
8,1254,1254.0,1254,3.0,810.0,2008,2,2,221800
7,1232,1232.0,1232,2.0,632.0,2007,2,2,194500
8,1498,1498.0,1498,3.0,844.0,2005,2,3,237000
6,1422,704.0,704,2.0,440.0,2005,2,3,173000
7,1644,1518.0,1644,2.0,569.0,1989,2,2,275000
7,1759,1449.0,944,2.0,525.0,1992,2,3,233500
5,2126,1013.0,1160,2.0,538.0,1967,2,3,185000
5,1040,1040.0,1040,2.0,576.0,1996,1,3,152000
5,990,990.0,990,1.0,440.0,1994,1,3,143000
6,1764,928.0,928,2.0,470.0,1997,2,3,231500
7,1661,799.0,827,2.0,550.0,1996,2,3,212000
7,1463,1463.0,1463,2.0,539.0,1998,2,3,207000
5,1097,1097.0,1097,2.0,672.0,1994,1,3,145000
5,990,990.0,990,2.0,480.0,1994,1,3,138000
7,1779,866.0,866,2.0,546.0,1998,2,3,197900
7,1501,1490.0,1501,2.0,577.0,1999,2,3,204000
7,1431,1431.0,1431,2.0,666.0,1999,2,3,192000
6,1772,928.0,928,2.0,492.0,1998,2,3,200000
7,1660,831.0,831,2.0,493.0,2002,2,3,195000
7,1573,1573.0,1573,2.0,544.0,2002,2,3,227000
7,1840,944.0,944,2.0,622.0,2001,2,3,230000
7,1430,1413.0,1430,2.0,605.0,2001,2,3,187100
7,1444,1431.0,1444,2.0,577.0,2002,2,3,203000
7,1492,1492.0,1492,2.0,608.0,2001,2,3,201000
5,1040,1040.0,1040,0.0,0.0,1978,2,3,124000
5,907,907.0,907,1.0,343.0,1978,1,3,140000
5,914,914.0,914,2.0,444.0,1979,1,2,134900
5,1040,1040.0,1040,2.0,484.0,1977,2,3,150500
5,864,864.0,864,1.0,336.0,1978,1,3,136500
5,1268,1268.0,1268,1.0,252.0,1977,1,3,143500
5,864,864.0,864,1.0,338.0,1972,1,3,133500
5,894,894.0,894,2.0,600.0,1972,1,2,123000
5,768,768.0,768,1.0,396.0,1972,1,2,133900
5,768,768.0,768,2.0,396.0,1972,1,2,133000
7,1611,1569.0,1611,3.0,1231.0,2002,2,3,250000
8,2184,1068.0,1068,2.0,570.0,2003,2,4,254750
8,1788,1753.0,1788,2.0,522.0,2001,2,3,236500
8,1872,1299.0,1299,2.0,531.0,2001,2,3,261500
9,2153,1440.0,1476,3.0,736.0,2000,2,3,313000
7,1725,840.0,840,2.0,550.0,2002,2,3,198500
7,1870,944.0,944,2.0,608.0,2001,2,3,211000
8,1513,1462.0,1513,2.0,521.0,1999,2,2,220000
7,1504,1504.0,1504,2.0,478.0,1996,2,3,203000
8,1828,1822.0,1828,2.0,523.0,2002,2,3,279500
7,1417,1417.0,1417,2.0,511.0,1997,2,3,210000
7,2034,1057.0,1057,2.0,645.0,1997,2,3,219500
7,1716,880.0,909,2.0,512.0,1996,2,2,191000
7,1212,1212.0,1212,2.0,573.0,2001,2,3,178000
7,1630,1630.0,1630,2.0,451.0,2000,2,3,213000
6,848,848.0,848,2.0,420.0,2003,1,1,144000
6,848,848.0,848,2.0,420.0,2003,1,1,140000
8,1602,1578.0,1602,3.0,810.0,2007,2,3,293200
7,1728,864.0,864,2.0,572.0,2004,2,3,190000
7,1500,1500.0,1500,2.0,570.0,2004,2,3,190000
6,1476,738.0,738,2.0,540.0,2005,2,3,173500
6,1396,608.0,608,2.0,440.0,2007,2,3,170000
4,1126,0.0,1126,2.0,520.0,1949,2,2,108000
5,1486,1486.0,1486,2.0,480.0,1964,1,3,167000
4,816,816.0,816,1.0,288.0,1938,1,2,100000
7,1922,0.0,495,2.0,672.0,2003,3,4,198500
6,1426,690.0,698,2.0,440.0,1977,1,3,159500
4,1149,1014.0,1149,1.0,544.0,1960,1,3,127000
6,1125,1041.0,1125,1.0,352.0,1976,1,3,125000
9,1698,1698.0,1698,3.0,768.0,2007,2,3,320000
6,1072,547.0,1072,2.0,525.0,2005,1,2,145500
5,698,698.0,698,0.0,0.0,1947,1,2,118000
4,876,876.0,876,1.0,320.0,1959,1,3,85000
5,1368,1078.0,1368,1.0,195.0,1950,1,3,120000
4,1529,0.0,1088,1.0,240.0,1945,2,4,98000
5,864,864.0,864,0.0,0.0,1922,1,2,99900
3,944,0.0,944,2.0,528.0,1952,1,2,82000
5,1678,1678.0,1678,0.0,0.0,1959,2,6,119900
5,1560,1150.0,1560,1.0,313.0,1956,1,2,103500
4,960,672.0,960,1.0,288.0,1956,1,3,112000
6,1196,684.0,684,2.0,528.0,1920,1,3,110000
5,1298,720.0,854,1.0,256.0,1941,1,3,122000
5,1604,984.0,984,2.0,660.0,1941,2,3,117000
5,1268,832.0,832,1.0,250.0,1938,1,3,160000
5,1520,793.0,848,1.0,281.0,1932,1,3,159434
2,438,290.0,438,1.0,246.0,1920,1,1,60000
6,1489,778.0,944,1.0,240.0,1940,2,3,139500
7,3082,824.0,1687,2.0,672.0,1920,2,5,197000
6,1242,583.0,647,1.0,180.0,1935,1,3,105000
4,1981,1122.0,1328,2.0,576.0,1928,2,4,135000
6,1232,816.0,1232,2.0,440.0,1916,1,3,147500
6,1608,976.0,1160,1.0,216.0,1925,2,3,137450
7,1135,560.0,575,2.0,576.0,1936,1,3,155000
6,1913,896.0,1172,2.0,342.0,1928,1,3,177000
7,1477,861.0,877,1.0,216.0,1928,2,3,145000
7,1228,600.0,628,1.0,215.0,1918,1,3,137000
7,2080,1276.0,1276,1.0,282.0,1926,1,3,234000
5,1567,840.0,840,2.0,440.0,1940,1,2,205000
6,1494,771.0,753,1.0,213.0,1942,1,3,177500
5,1308,728.0,976,1.0,256.0,1940,1,2,160000
5,1273,1273.0,1273,1.0,307.0,1960,1,2,155000
5,964,876.0,964,2.0,432.0,1921,1,2,163500
5,1343,731.0,820,1.0,186.0,1921,1,3,154900
7,2480,920.0,1240,2.0,400.0,1940,2,5,205000
5,1112,1112.0,1112,1.0,390.0,1954,1,2,144800
7,1564,704.0,860,1.0,234.0,1941,1,3,174500
6,1561,1561.0,1561,2.0,463.0,1960,2,3,193000
5,1523,1067.0,986,1.0,295.0,1949,2,3,158000
6,1152,1092.0,1152,1.0,300.0,1950,1,3,158500
6,1906,1310.0,1906,2.0,576.0,1954,1,3,224000
6,1032,516.0,516,2.0,452.0,1980,1,2,115000
6,1229,561.0,561,2.0,462.0,1980,1,2,137000
6,1229,561.0,561,2.0,462.0,1980,1,2,121000
6,1229,561.0,561,2.0,462.0,1980,1,2,124000
6,1982,572.0,1182,2.0,501.0,1986,2,3,208000
7,2365,1803.0,2365,2.0,551.0,1971,2,3,315000
6,1680,880.0,1680,2.0,540.0,1988,2,3,222000
5,1344,672.0,672,1.0,468.0,1920,1,3,147000
5,2168,760.0,928,2.0,576.0,1900,2,5,123000
5,1192,596.0,596,1.0,189.0,1920,1,3,78000
3,1526,1013.0,1013,0.0,0.0,1915,1,2,85000
4,572,572.0,572,1.0,200.0,1925,1,2,75000
8,1648,1596.0,1648,2.0,482.0,2007,2,2,230000
2,810,0.0,810,1.0,280.0,1910,1,1,57625
8,2052,1107.0,1040,3.0,642.0,2000,2,3,251000
7,2149,1434.0,1518,2.0,670.0,2003,1,1,239686
7,1710,1710.0,1710,2.0,550.0,2004,2,3,240000
6,1961,804.0,804,2.0,560.0,2001,2,3,215000
6,926,902.0,926,1.0,351.0,1977,1,2,156450
6,1287,957.0,1287,2.0,541.0,1977,1,2,173000
5,1734,0.0,1302,2.0,539.0,1977,2,4,126000
7,1217,1188.0,1217,2.0,497.0,1990,2,3,173000
5,1595,1582.0,1595,2.0,672.0,1991,2,2,152000
6,1344,819.0,1344,2.0,525.0,1958,1,3,137500
7,2036,2136.0,2036,2.0,513.0,1965,2,3,375000
9,1620,1620.0,1620,3.0,912.0,2007,2,2,315500
7,1692,846.0,846,2.0,650.0,2009,2,3,224500
9,2036,2190.0,2036,3.0,780.0,2008,2,3,410000
9,1641,1641.0,1641,3.0,885.0,2008,2,3,316500
8,1466,1466.0,1466,3.0,610.0,2007,2,3,201000
6,1412,1392.0,1412,2.0,576.0,1988,2,3,175000
6,2237,712.0,1375,2.0,440.0,1980,2,3,204000
7,1479,1645.0,1479,2.0,578.0,1987,2,3,213500
8,1296,1267.0,1296,2.0,471.0,2001,2,2,220000
7,2014,912.0,1072,2.0,486.0,2003,2,3,170000
9,1838,1838.0,1838,3.0,765.0,2006,2,2,315000
9,1978,1978.0,1978,3.0,920.0,2007,2,2,425000
5,1008,1008.0,1008,1.0,384.0,1968,1,3,139500
5,1771,0.0,1771,2.0,336.0,1960,1,3,115000
6,1204,1204.0,1204,2.0,412.0,1998,2,2,162000
6,1224,1224.0,1224,2.0,402.0,1999,2,2,165000
4,988,462.0,526,1.0,297.0,1973,1,2,91000
5,874,864.0,874,1.0,288.0,1968,1,3,130000
4,630,630.0,630,1.0,286.0,1970,1,1,86000
5,1404,1188.0,1404,2.0,504.0,1969,2,3,160000
4,630,630.0,630,1.0,286.0,1970,1,1,80000
4,1344,546.0,798,0.0,0.0,1970,1,3,97000
4,1092,546.0,546,1.0,286.0,1970,1,3,88000
5,796,796.0,796,1.0,336.0,1972,1,2,131900
6,1091,384.0,1091,1.0,429.0,1993,1,2,131250
5,1110,1097.0,1110,2.0,602.0,1978,1,1,165500
5,833,833.0,833,0.0,0.0,1985,1,3,112000
5,883,828.0,883,2.0,698.0,1992,1,2,149000
5,1362,796.0,796,2.0,480.0,1993,1,1,143000
5,1287,624.0,624,2.0,440.0,1992,1,3,130000
6,1567,1567.0,1567,2.0,714.0,1977,2,2,196000
5,1632,784.0,784,2.0,898.0,1969,1,4,173000
6,1414,1184.0,1414,2.0,601.0,1958,1,3,176500
6,2117,1205.0,2117,2.0,550.0,1970,2,4,237500
6,2112,952.0,1092,2.0,576.0,1969,2,4,206900
6,1604,926.0,926,2.0,470.0,1997,2,3,187500
6,1470,680.0,680,2.0,420.0,1995,2,3,165000
6,1604,926.0,926,2.0,472.0,1998,2,3,195500
6,1638,943.0,943,2.0,472.0,1998,2,3,192000
6,1636,916.0,916,2.0,386.0,1996,2,3,173000
5,1384,1348.0,1384,2.0,404.0,1996,2,3,177900
7,1446,729.0,729,2.0,406.0,1996,2,3,175000
8,1593,1593.0,1593,2.0,682.0,2001,1,0,286000
8,1682,1664.0,1682,2.0,528.0,1997,1,1,247900
8,1337,1337.0,1337,2.0,462.0,1993,2,2,180000
8,1280,1280.0,1280,2.0,506.0,1992,2,2,180000
6,1604,926.0,926,2.0,470.0,1997,2,3,181000
6,1633,932.0,932,2.0,460.0,1998,2,3,183000
6,1658,773.0,773,2.0,431.0,1995,2,3,188000
7,1895,712.0,1086,2.0,409.0,1994,2,3,194500
6,1709,836.0,851,2.0,416.0,1991,2,3,185000
8,1228,1228.0,1228,2.0,472.0,1988,2,2,189000
8,1337,1337.0,1337,2.0,462.0,1989,2,2,188500
8,2500,1168.0,1168,3.0,683.0,2005,3,5,355000
9,2504,1122.0,1134,3.0,656.0,2005,2,4,325000
9,1884,1884.0,1884,3.0,670.0,2004,2,2,387000
6,1474,1632.0,1474,2.0,495.0,1952,1,3,115000
9,1710,1710.0,1710,2.0,557.0,2007,2,2,334000
6,1488,1488.0,1488,2.0,738.0,1950,2,3,133000
7,2093,791.0,1236,2.0,542.0,1986,2,3,215000
7,1688,1675.0,1688,2.0,528.0,1988,2,2,226500
6,1422,1422.0,1422,2.0,576.0,1981,2,3,175500
7,1260,1260.0,1260,2.0,598.0,1983,2,3,181900
7,2064,2048.0,2064,2.0,550.0,1978,2,3,235000
7,1782,1782.0,1782,2.0,551.0,1979,2,3,220000
6,2872,1330.0,1542,2.0,619.0,1977,2,4,272000
6,1211,1211.0,1211,2.0,461.0,1976,2,3,161000
5,1126,1126.0,1126,2.0,540.0,1977,2,3,175000
7,2044,738.0,1277,2.0,489.0,1980,2,3,185000
5,1308,720.0,720,2.0,484.0,1969,1,3,146900
7,2840,1420.0,1420,4.0,1314.0,1978,2,4,292500
6,1523,1193.0,1523,2.0,478.0,1976,2,3,180000
6,1444,1444.0,1444,2.0,473.0,1976,2,2,159900
7,1964,803.0,1098,2.0,483.0,1976,2,4,205000
5,1178,1176.0,1178,2.0,439.0,1973,1,3,157000
8,2340,1236.0,1236,3.0,787.0,1996,2,4,306000
5,1792,896.0,896,2.0,480.0,1974,2,4,133000
6,1054,1054.0,1054,2.0,460.0,1969,1,3,151000
4,936,936.0,936,1.0,288.0,1969,1,2,111900
5,864,864.0,864,2.0,576.0,1971,1,3,123000
4,864,864.0,864,2.0,576.0,1972,1,3,111250
6,1337,1405.0,1337,2.0,511.0,1998,2,2,181000
6,987,483.0,483,1.0,264.0,1973,1,2,103400
6,987,483.0,483,1.0,264.0,1973,1,2,100000
6,987,483.0,483,1.0,352.0,1972,1,2,100500
6,987,483.0,483,1.0,280.0,1970,1,2,106000
6,987,483.0,483,1.0,264.0,1971,1,2,85400
6,987,483.0,483,1.0,264.0,1971,1,2,89500
5,1302,630.0,630,1.0,264.0,1972,2,3,111750
6,1069,1069.0,1069,2.0,440.0,1977,2,2,140000
6,1456,855.0,855,2.0,460.0,1975,2,4,143000
7,1055,1055.0,1055,2.0,440.0,1977,2,2,148500
5,892,864.0,892,1.0,264.0,1966,1,3,110000
8,1932,1932.0,1932,3.0,774.0,2008,2,2,394617
10,2332,1682.0,1742,3.0,846.0,2007,2,3,426000
10,2084,2078.0,2084,3.0,1220.0,2007,2,2,385000
9,2713,1452.0,1476,3.0,858.0,2008,2,3,446261
8,1582,1582.0,1582,3.0,905.0,2007,2,3,317500
8,1710,1710.0,1710,3.0,866.0,2007,2,2,372402
8,2464,2418.0,2464,3.0,650.0,2007,2,4,417500
9,1950,1950.0,1950,3.0,706.0,2007,2,2,383000
9,2748,1850.0,1850,3.0,850.0,2006,2,4,390000
10,2790,1620.0,1632,4.0,1150.0,2005,2,4,460000
9,2331,1414.0,1414,3.0,1003.0,2005,2,3,379000
8,2088,948.0,948,3.0,656.0,2007,2,4,250000
8,2332,1148.0,1170,3.0,756.0,2004,2,4,316000
10,2470,2535.0,2470,3.0,789.0,2003,1,1,615000
9,2668,1572.0,1572,3.0,726.0,2003,2,3,412500
7,2046,998.0,1006,3.0,871.0,2003,2,3,284000
8,1575,1603.0,1575,3.0,732.0,2003,2,2,284000
8,2649,1479.0,1515,3.0,746.0,2001,2,4,421250
8,2690,1765.0,1804,3.0,795.0,2003,2,4,370000
9,1866,1858.0,1866,3.0,870.0,2008,2,2,336860
9,1702,1702.0,1702,3.0,1052.0,2008,1,1,367294
7,1367,1367.0,1367,2.0,484.0,2005,2,2,192000
8,1518,1518.0,1518,2.0,588.0,2003,1,1,274000
9,1684,1684.0,1684,2.0,564.0,2005,2,2,266000
9,1800,1800.0,1800,3.0,944.0,2007,2,2,370967
8,1342,1342.0,1342,2.0,550.0,2006,2,2,234250
8,1342,1342.0,1342,2.0,550.0,2006,2,2,219500
7,1626,764.0,764,2.0,474.0,2003,2,2,155000
7,1626,764.0,764,2.0,474.0,2003,2,2,154000
7,1358,1358.0,1358,2.0,484.0,2004,2,2,207000
7,1455,1415.0,1455,3.0,644.0,2003,2,2,195000
7,1576,1393.0,1576,3.0,668.0,2004,2,2,219990
7,1504,1346.0,1504,2.0,437.0,2005,2,2,191000
7,1266,1266.0,1266,2.0,388.0,2007,2,2,159895
7,1246,1146.0,1246,2.0,428.0,2007,2,2,187687
6,1515,789.0,813,2.0,393.0,2004,2,3,179000
6,1593,839.0,864,2.0,398.0,2004,2,3,193000
7,1166,856.0,1166,2.0,400.0,2005,2,2,190000
6,1456,728.0,728,2.0,400.0,2005,2,3,176000
7,1720,840.0,840,2.0,400.0,2002,2,3,188000
7,1986,847.0,847,2.0,434.0,2003,2,4,213000
7,1358,1350.0,1358,2.0,484.0,2007,2,2,217300
6,1792,936.0,962,2.0,451.0,2000,2,3,186500
7,1892,982.0,1008,2.0,431.0,2000,2,3,226750
7,1490,788.0,788,2.0,388.0,2004,2,3,184000
7,1414,707.0,707,2.0,403.0,2002,2,3,176000
7,2322,1037.0,1037,2.0,400.0,1999,2,4,225000
7,1651,831.0,873,2.0,450.0,1999,2,3,185900
8,2199,1173.0,1182,2.0,516.0,1997,2,3,284500
8,2630,1470.0,1470,3.0,696.0,1998,2,4,315000
8,2198,1145.0,1145,3.0,836.0,2000,2,4,250000
9,2172,1519.0,1533,3.0,687.0,2000,2,4,291000
8,2006,1982.0,2006,3.0,938.0,1998,2,2,350000
7,2125,1064.0,1064,2.0,576.0,1996,2,4,279500
8,2501,1242.0,1251,3.0,751.0,1995,2,4,290000
8,2113,2109.0,2113,3.0,839.0,1995,2,2,350000
7,2418,1311.0,1325,3.0,983.0,1993,2,3,341000
7,2197,1080.0,1108,3.0,783.0,1993,2,4,287500
7,2127,1223.0,1223,2.0,525.0,1994,2,3,271000
8,1987,1986.0,1987,2.0,691.0,1994,2,2,301500
8,1580,1580.0,1580,3.0,830.0,2007,2,3,235128
6,1933,894.0,894,3.0,668.0,2007,2,4,214000
8,1574,1574.0,1574,3.0,824.0,2006,2,3,232000
7,1578,1578.0,1578,3.0,642.0,2006,2,3,240000
9,1506,1498.0,1506,2.0,592.0,2008,2,2,264132
8,1563,1563.0,1563,3.0,758.0,2007,2,3,245000
7,1428,1417.0,1428,2.0,554.0,2008,2,3,227680
8,1861,1341.0,1341,3.0,851.0,2007,3,3,257000
8,1874,955.0,955,3.0,880.0,2007,2,3,297900
8,1460,1460.0,1460,2.0,480.0,2006,2,3,247000
8,1372,1363.0,1372,2.0,588.0,2007,2,3,212700
7,1372,1372.0,1372,2.0,529.0,2007,2,3,250580
7,1428,1428.0,1428,2.0,480.0,2007,2,3,182000
7,1768,866.0,866,2.0,603.0,2005,2,3,226700
8,1992,1053.0,1053,2.0,648.0,2003,2,3,250000
7,1958,1026.0,1026,3.0,936.0,2005,2,3,250000
8,2078,1034.0,1050,3.0,836.0,2007,2,3,339750
7,1665,813.0,822,2.0,562.0,2007,2,3,205950
8,1660,1660.0,1660,3.0,660.0,2007,2,3,256000
7,1218,1218.0,1218,2.0,462.0,2007,2,2,230348
6,1728,864.0,864,2.0,673.0,2003,2,3,207500
7,1080,1080.0,1080,0.0,0.0,2004,1,3,141000
6,1696,835.0,835,2.0,542.0,2003,2,3,188000
7,1663,835.0,835,2.0,478.0,2003,2,3,192500
6,1175,1175.0,1175,0.0,0.0,2005,1,3,146000
5,1114,1114.0,1114,2.0,576.0,2004,1,3,159000
6,1114,1114.0,1114,2.0,576.0,2003,1,3,155000
6,1640,798.0,798,2.0,520.0,2004,2,3,173000
7,1162,1162.0,1162,2.0,483.0,2007,2,3,170000
6,1609,754.0,754,2.0,525.0,1995,2,3,182000
6,1680,886.0,886,2.0,474.0,1993,2,3,163000
6,1679,1408.0,1679,2.0,575.0,1994,2,3,193500
7,1657,832.0,832,2.0,483.0,1994,2,3,189000
6,1677,827.0,827,2.0,627.0,2001,2,3,190500
7,1737,836.0,844,2.0,506.0,1992,2,3,175000
6,1294,1278.0,1294,2.0,496.0,1991,2,3,179200
6,1710,832.0,832,2.0,506.0,1993,2,3,187000
6,1617,1604.0,1617,2.0,533.0,1993,2,2,193000
6,1199,1199.0,1199,2.0,530.0,1993,2,2,153900
5,984,984.0,984,1.0,384.0,1963,1,3,128000
5,912,912.0,912,1.0,352.0,1962,1,2,144000
5,864,864.0,864,1.0,420.0,1961,1,3,135000
5,890,890.0,890,1.0,308.0,1968,1,3,115000
5,864,864.0,864,1.0,276.0,1963,1,3,119916
6,912,912.0,912,1.0,288.0,1961,1,3,142000
6,1430,1430.0,1430,2.0,484.0,1974,2,3,192000
5,1641,1001.0,1001,2.0,490.0,1972,2,4,140000
6,2683,930.0,1364,2.0,473.0,1990,2,4,290000
9,2786,1848.0,1827,2.0,636.0,1993,2,4,372500
7,1391,1391.0,1391,2.0,530.0,2004,2,2,196000
7,1250,625.0,625,2.0,625.0,2006,2,2,171900
7,1245,1235.0,1245,2.0,495.0,2004,2,1,178000
6,1200,600.0,600,2.0,480.0,2005,2,2,165000
7,1392,689.0,703,2.0,540.0,2007,2,2,146000
7,1392,689.0,703,2.0,540.0,2007,2,2,146000
7,1501,744.0,757,2.0,440.0,1999,2,3,179400
6,1549,744.0,757,2.0,440.0,1999,2,3,172900
9,1638,1614.0,1638,2.0,495.0,2000,2,2,300000
9,1310,1310.0,1310,2.0,545.0,2001,1,1,285000
9,1419,1419.0,1419,2.0,588.0,2001,1,2,290000
9,1557,1557.0,1557,2.0,484.0,1999,2,2,305000
9,1709,1698.0,1709,2.0,506.0,1999,2,2,328900
7,1252,600.0,624,2.0,462.0,1999,2,2,160000
7,1404,672.0,684,2.0,462.0,1999,2,3,170000
7,1789,858.0,872,2.0,546.0,2001,2,3,223000
8,1586,960.0,962,2.0,480.0,1999,2,3,170000
8,1607,960.0,962,2.0,480.0,1999,2,3,200000
10,2393,970.0,1469,2.0,846.0,1998,2,2,345000
8,1288,1260.0,1288,2.0,500.0,1996,1,1,245500
8,1239,1230.0,1239,2.0,477.0,1995,1,1,217500
8,1719,1719.0,1719,2.0,473.0,1993,1,1,324000
6,1232,1232.0,1232,2.0,516.0,1984,2,3,162500
9,2944,994.0,1599,3.0,864.0,1977,2,3,150000
8,1671,1426.0,1671,2.0,550.0,1976,3,3,290000
7,1812,952.0,952,2.0,469.0,2002,2,3,205000
7,1682,1304.0,1682,2.0,530.0,1970,2,3,174000
6,1427,1427.0,1427,2.0,516.0,1969,2,4,183000
6,1740,1740.0,1740,2.0,512.0,1968,1,4,150000
6,1258,1258.0,1258,2.0,528.0,1971,2,3,145000
7,1620,1620.0,1620,2.0,578.0,1967,2,4,215000
5,1625,1625.0,1625,2.0,484.0,1965,2,4,140500
6,2614,1522.0,1548,2.0,624.0,1974,2,4,240000
5,1464,732.0,732,2.0,470.0,1968,1,4,141000
5,912,912.0,912,2.0,576.0,1965,1,2,147000
5,925,912.0,925,2.0,576.0,1965,1,3,135000
5,1728,1728.0,1728,2.0,576.0,1965,2,6,145000
5,1728,1728.0,1728,2.0,576.0,1965,2,6,142600
5,1656,1656.0,1656,2.0,506.0,1973,2,4,135000
7,1670,825.0,845,2.0,464.0,1971,1,4,170000
8,2715,1142.0,1175,2.0,831.0,1976,3,4,299800
6,1876,901.0,943,2.0,540.0,1974,2,4,185000
6,1632,800.0,800,2.0,484.0,1966,1,4,173000
7,999,944.0,999,2.0,588.0,1961,1,3,178400
7,1978,832.0,1098,2.0,486.0,1968,2,4,176000
5,1014,0.0,1014,1.0,267.0,1956,1,2,98000
4,907,907.0,907,1.0,352.0,1957,1,3,109008
4,952,952.0,952,1.0,283.0,1956,1,2,135750
5,1128,1120.0,1128,2.0,525.0,1963,2,3,155000
6,1425,1425.0,1425,2.0,576.0,1964,2,3,180500
6,1165,1127.0,1165,2.0,490.0,1966,1,3,174900
6,1136,1136.0,1136,1.0,384.0,1965,1,3,140000
6,1092,1092.0,1092,2.0,504.0,1964,1,3,145000
5,1265,1219.0,1265,2.0,502.0,1965,2,3,179900
6,1350,1248.0,1350,2.0,520.0,1964,1,3,168500
5,1114,1114.0,1114,2.0,451.0,1961,1,3,140000
5,1053,1053.0,1053,1.0,312.0,1959,1,3,145500
6,1252,1252.0,1252,2.0,528.0,1959,1,3,142000
4,1100,1100.0,1100,1.0,312.0,1960,1,3,141000
5,1118,1118.0,1118,1.0,264.0,1960,1,3,153000
3,720,0.0,720,1.0,287.0,1949,1,2,72500
3,729,270.0,729,0.0,0.0,1935,1,2,52000
5,1077,991.0,1077,1.0,205.0,1939,1,2,118000
4,906,348.0,453,1.0,231.0,1937,1,2,87000
5,1496,1296.0,1496,2.0,450.0,1960,2,3,141500
6,1252,1032.0,1032,1.0,288.0,1950,1,3,119000
5,1337,572.0,1337,1.0,264.0,1950,1,3,141500
6,1661,992.0,1661,1.0,377.0,1955,1,3,165500
5,1036,1036.0,1036,1.0,312.0,1953,1,3,112900
7,1820,864.0,902,2.0,492.0,1965,1,4,201800
6,1362,1362.0,1362,2.0,504.0,1961,1,3,163000
5,1144,1144.0,1144,2.0,456.0,1961,1,3,139950
6,1537,1319.0,1537,2.0,462.0,1962,1,3,174000
6,1431,1099.0,1431,1.0,296.0,1962,1,3,165000
6,1988,1104.0,1104,2.0,480.0,1966,2,4,227000
5,1098,1098.0,1098,1.0,260.0,1955,1,3,135000
5,1144,1144.0,1144,1.0,336.0,1963,1,3,124000
5,1283,931.0,1283,2.0,506.0,1962,1,3,140000
5,1176,1176.0,1176,1.0,292.0,1957,1,3,136500
5,1440,1248.0,1440,1.0,480.0,1959,2,2,185000
6,1261,1261.0,1261,2.0,433.0,1958,1,3,163000
6,1570,1395.0,1570,2.0,441.0,1958,1,3,166800
6,1196,1196.0,1196,1.0,297.0,1956,1,2,139000
6,1392,1392.0,1392,2.0,458.0,1957,1,3,166000
6,1080,1080.0,1080,1.0,288.0,1958,1,3,136000
5,1104,1104.0,1104,1.0,384.0,1956,1,3,133000
5,882,720.0,882,1.0,240.0,1952,1,2,116000
5,1152,1152.0,1152,2.0,636.0,1953,1,3,137500
5,950,984.0,950,2.0,400.0,1953,1,2,130000
6,1790,998.0,1790,2.0,540.0,1957,2,3,180000
5,952,952.0,952,2.0,840.0,1951,1,2,139000
5,773,773.0,773,1.0,240.0,1953,1,2,110000
5,1764,0.0,1764,1.0,301.0,1957,2,4,100000
5,1216,832.0,832,1.0,336.0,1947,1,2,118500
5,1824,1824.0,1824,2.0,484.0,1957,2,5,146000
4,869,0.0,869,1.0,390.0,1948,1,1,89900
5,1159,747.0,747,1.0,288.0,1925,1,3,114000
5,1558,913.0,1048,1.0,288.0,1945,1,3,140000
4,672,672.0,672,1.0,308.0,1940,1,2,86900
5,1436,892.0,1254,4.0,1488.0,1922,1,3,139000
4,1294,0.0,694,0.0,0.0,1900,2,3,106250
6,1716,858.0,858,2.0,490.0,1962,1,4,171000
5,1044,912.0,1044,2.0,372.0,1968,1,3,139000
7,1312,1312.0,1312,2.0,495.0,1958,1,3,186000
6,1253,1253.0,1253,1.0,352.0,1960,1,2,157000
6,1081,1081.0,1081,1.0,401.0,1960,1,3,148000
7,2069,585.0,2069,2.0,505.0,1960,2,4,242000
5,910,105.0,910,2.0,414.0,1953,1,3,116000
5,876,876.0,876,2.0,576.0,1951,1,2,94000
5,1048,0.0,1048,2.0,420.0,1950,1,3,98300
5,1507,1075.0,1507,1.0,404.0,1960,2,4,127000
5,1256,1256.0,1256,1.0,311.0,1959,1,3,159000
5,1027,1027.0,1027,1.0,299.0,1962,1,3,125900
5,1269,1269.0,1269,1.0,308.0,1960,1,3,155000
6,1320,768.0,819,2.0,576.0,1948,2,3,138000
6,984,936.0,984,1.0,280.0,1954,1,2,112500
6,832,832.0,832,2.0,528.0,1954,1,2,105500
6,1278,854.0,854,1.0,240.0,1954,1,4,127500
5,1800,1800.0,1800,0.0,0.0,1961,2,6,130000
5,1588,768.0,1024,2.0,480.0,1955,1,3,150000
5,825,825.0,825,1.0,350.0,1954,1,2,109500
6,1796,780.0,983,2.0,483.0,1963,1,4,140000
6,1611,780.0,798,2.0,442.0,1964,1,4,167900
5,1117,1117.0,1117,1.0,264.0,1963,1,3,136870
6,1133,192.0,1133,1.0,308.0,2008,1,3,143000
5,764,680.0,764,2.0,504.0,1925,1,2,73000
5,1539,650.0,958,2.0,686.0,1904,2,3,157500
5,1323,780.0,948,2.0,400.0,1948,1,3,122600
5,1360,680.0,680,1.0,330.0,1910,1,2,111000
6,2792,1510.0,1584,2.0,520.0,1920,2,5,256000
5,672,672.0,672,1.0,256.0,1940,1,2,64000
6,1456,728.0,728,1.0,308.0,1915,1,4,139500
4,1594,828.0,828,0.0,0.0,1910,2,3,118000
7,2082,1362.0,1362,2.0,484.0,2003,2,3,200000
4,1656,801.0,1095,2.0,440.0,1940,2,2,119164
5,1740,936.0,960,1.0,225.0,1920,1,2,122250
7,1027,931.0,1027,0.0,0.0,1920,1,2,120000
6,1436,884.0,884,2.0,828.0,1940,2,3,155000
5,899,481.0,899,1.0,200.0,1910,1,2,78000
5,1080,684.0,684,0.0,0.0,1890,1,3,95000
5,789,789.0,789,1.0,250.0,1948,1,2,115000
5,1122,924.0,1122,2.0,528.0,1948,1,2,147000
5,1499,904.0,904,3.0,869.0,1946,1,3,140000
2,407,407.0,407,1.0,297.0,1946,1,1,46500
5,928,928.0,928,1.0,288.0,1957,1,3,112500
4,901,901.0,901,1.0,281.0,1954,1,2,107900
3,1588,448.0,1588,0.0,0.0,1949,2,5,65000
7,3493,1470.0,1675,3.0,870.0,1880,3,3,295000
5,1627,797.0,830,2.0,420.0,1900,2,4,139500
5,1416,876.0,876,3.0,720.0,1915,1,4,153900
7,1450,624.0,730,1.0,288.0,1920,1,3,132000
5,1344,624.0,624,3.0,513.0,1916,1,4,98000
5,1017,346.0,709,1.0,308.0,1900,1,2,114000
5,2350,973.0,1377,2.0,393.0,1920,2,4,130000
6,2058,735.0,1134,2.0,396.0,1917,1,3,129500
5,1540,572.0,884,0.0,0.0,1905,1,3,129400
7,1378,689.0,689,2.0,360.0,1928,2,3,161000
6,1912,482.0,1221,2.0,672.0,1905,2,3,163000
6,1484,742.0,742,0.0,0.0,1914,2,3,128000
8,2358,684.0,938,0.0,0.0,1872,2,4,122000
7,1111,572.0,572,1.0,288.0,1926,1,2,116900
10,2775,1237.0,1521,2.0,880.0,1893,3,3,325000
2,1086,723.0,723,2.0,400.0,1920,1,2,55000
7,2495,1313.0,1313,2.0,342.0,1890,2,5,184000
5,984,984.0,984,1.0,308.0,1959,1,2,110000
5,1795,1050.0,1050,1.0,352.0,1954,2,4,131500
5,882,0.0,882,1.0,308.0,1956,1,2,97000
4,1093,869.0,1093,1.0,308.0,1958,1,2,115500
5,1143,1008.0,1143,1.0,288.0,1928,1,2,138000
7,1668,672.0,1195,1.0,252.0,1945,1,3,108000
5,935,742.0,779,1.0,308.0,1930,1,2,79500
5,1738,1024.0,1144,1.0,240.0,1935,2,3,153000
5,784,784.0,784,0.0,0.0,1924,1,2,109500
5,1210,672.0,832,1.0,240.0,1941,1,3,124000
6,1290,554.0,736,1.0,200.0,1900,1,3,106900
6,1672,981.0,1014,1.0,240.0,1940,1,3,164900
5,949,949.0,949,2.0,370.0,1924,1,2,119000
6,1158,862.0,950,1.0,208.0,1929,1,3,120000
6,1497,825.0,825,1.0,672.0,1937,2,3,157000
6,1342,739.0,874,1.0,240.0,1939,2,2,105000
6,1013,992.0,1013,1.0,160.0,1926,1,3,113000
5,1216,565.0,565,1.0,355.0,1920,1,3,115000
4,896,,896,1.0,280.0,1946,1,2,79000
4,1136,704.0,624,1.0,336.0,1929,1,2,123000
5,808,0.0,808,1.0,164.0,1945,1,1,81300
5,1573,1078.0,1128,2.0,360.0,1930,2,3,162900
7,2009,989.0,1245,2.0,400.0,1939,2,4,150000
5,1902,1100.0,1226,2.0,576.0,1923,2,4,123500
7,1774,952.0,1022,2.0,468.0,1931,2,2,129900
6,1362,611.0,751,2.0,502.0,1920,2,3,128000
4,520,520.0,520,1.0,240.0,1927,1,1,68500
5,1285,672.0,1072,1.0,240.0,1948,1,2,127000
6,1848,833.0,1053,2.0,370.0,1923,1,4,207000
7,1820,1026.0,1133,1.0,240.0,1925,2,4,184000
6,1716,810.0,1170,2.0,672.0,1915,2,4,162500
5,1505,883.0,988,1.0,240.0,1940,1,3,145000
6,838,816.0,838,1.0,275.0,1918,1,2,130000
6,1984,1242.0,1242,1.0,360.0,1910,2,5,160000
8,1666,588.0,833,1.0,228.0,1925,1,3,161000
6,1609,796.0,825,1.0,228.0,1910,1,3,127500
6,768,768.0,768,2.0,440.0,1930,1,1,93850
6,1536,768.0,768,1.0,308.0,1952,1,4,136000
6,1969,1272.0,1272,2.0,400.0,1938,2,4,141000
5,1308,880.0,880,2.0,400.0,1915,2,2,120000
6,1040,1040.0,1040,2.0,320.0,1925,1,2,127500
6,1236,768.0,788,1.0,384.0,1925,2,3,127000
6,1406,319.0,1035,0.0,0.0,1920,1,3,89500
5,825,825.0,825,2.0,720.0,1955,1,2,125000
6,1198,901.0,1088,0.0,0.0,1920,1,4,79900
5,759,451.0,759,2.0,576.0,1912,1,1,85000
3,1344,536.0,808,0.0,0.0,1915,2,3,82375
6,1469,756.0,756,1.0,216.0,1906,1,3,135000
5,1054,1046.0,1054,1.0,240.0,1947,1,3,124000
5,1211,952.0,1211,1.0,322.0,1968,1,3,134000
5,1271,720.0,720,1.0,312.0,1948,2,4,135000
4,1588,0.0,1120,2.0,680.0,1959,2,4,134432
5,1355,644.0,808,0.0,0.0,1940,2,4,127500
5,1075,981.0,1075,2.0,440.0,1963,1,3,148000
5,1040,1040.0,1040,1.0,384.0,1965,1,3,129500
6,1096,1008.0,1096,2.0,484.0,1978,1,3,157500
5,904,876.0,904,1.0,408.0,1966,1,3,109900
5,992,992.0,992,1.0,294.0,1967,1,3,145000
5,894,894.0,894,2.0,450.0,1967,1,3,130000
6,1034,450.0,1034,2.0,504.0,1978,1,3,153000
5,1073,1073.0,1073,1.0,270.0,1967,1,3,120000
5,1126,1060.0,1126,2.0,506.0,1984,1,2,152000
4,1258,1198.0,1258,2.0,400.0,1969,0,0,108959
5,1140,1300.0,1140,2.0,400.0,1920,1,3,95541
5,1006,1006.0,1006,0.0,0.0,1959,1,3,80000
5,1228,1228.0,1228,1.0,271.0,1966,1,3,149350
5,960,960.0,960,1.0,300.0,1963,1,3,144900
6,1188,988.0,1188,2.0,621.0,1956,1,1,185000
5,1383,1383.0,1383,1.0,354.0,1954,1,3,165000
6,1252,1602.0,1252,2.0,564.0,1960,1,1,235000
5,1601,533.0,1021,1.0,300.0,1958,1,3,140000
5,672,672.0,672,1.0,240.0,1940,1,2,108000
5,1721,988.0,1721,2.0,626.0,1960,2,3,145000
5,1350,576.0,864,3.0,627.0,1941,1,2,152400
5,904,864.0,904,3.0,912.0,1970,1,3,144000
6,1291,1291.0,1291,2.0,431.0,1996,1,2,173000
7,2022,1160.0,1156,2.0,505.0,1977,2,4,192000
7,1524,1524.0,1524,2.0,478.0,1979,2,3,245000
7,1363,1385.0,1363,2.0,439.0,1954,1,2,241500
4,1663,1364.0,1663,2.0,529.0,1954,1,2,256000
6,1357,1019.0,1357,1.0,312.0,1959,1,2,177000
7,1079,570.0,617,1.0,249.0,1948,1,2,125600
6,1094,1094.0,1094,2.0,495.0,1953,1,3,155000
6,2358,907.0,1307,2.0,360.0,1908,3,5,240000
5,1518,1580.0,1518,0.0,0.0,1940,1,2,260000
6,1674,1163.0,1163,2.0,396.0,1918,2,4,185000
6,2108,1127.0,1236,2.0,540.0,1935,2,4,235000
5,1509,1509.0,1509,1.0,322.0,1956,1,3,159900
5,864,864.0,864,0.0,0.0,1975,1,2,99600
6,1269,621.0,621,1.0,280.0,1962,1,3,134500
5,1367,861.0,961,1.0,384.0,1900,1,4,119000
5,1347,1117.0,820,0.0,0.0,1910,1,3,107500
5,1164,1164.0,1164,1.0,240.0,1950,1,3,125000
6,1096,572.0,572,0.0,0.0,1924,1,2,79000
5,1111,616.0,616,1.0,200.0,1941,1,3,95000
7,2329,1475.0,1532,2.0,514.0,1990,2,4,262280
6,2814,1077.0,1093,2.0,614.0,1995,2,4,260000
7,1626,1602.0,1626,2.0,534.0,1994,2,3,226500
7,2200,812.0,1101,2.0,453.0,1993,2,4,225000
7,2037,672.0,1302,2.0,472.0,1996,2,3,229000
7,1356,628.0,628,2.0,484.0,2007,2,3,177439
8,1615,1615.0,1615,3.0,864.0,2007,2,3,248500
9,2276,2271.0,2276,3.0,1348.0,2008,2,3,475000
9,1766,1751.0,1766,3.0,874.0,2008,2,3,395039
7,2097,1080.0,1080,3.0,678.0,1993,2,3,228000
8,1511,1401.0,1511,3.0,811.0,1995,2,3,225000
6,1643,1182.0,1643,2.0,438.0,1966,2,2,195000
6,1688,616.0,616,2.0,603.0,1997,2,4,200000
5,990,990.0,990,2.0,528.0,1994,1,3,155000
5,1099,1099.0,1099,1.0,352.0,1995,1,3,144000
5,990,990.0,990,2.0,672.0,1994,1,3,145000
7,1418,1418.0,1418,2.0,558.0,1997,2,3,226001
6,1771,864.0,872,2.0,600.0,1997,2,3,215700
7,1652,782.0,782,2.0,532.0,2000,2,3,207500
7,1790,873.0,882,2.0,588.0,1999,2,3,193000
7,1724,880.0,880,2.0,527.0,1998,2,3,188000
7,1479,1468.0,1479,2.0,577.0,1999,2,3,191000
7,1494,1494.0,1494,2.0,530.0,2002,2,3,221000
7,1792,963.0,963,2.0,564.0,2001,2,3,231500
7,1823,928.0,928,2.0,626.0,2000,2,3,235000
7,1786,920.0,920,2.0,608.0,2001,2,3,223500
5,938,938.0,938,1.0,308.0,1975,1,3,130250
5,985,985.0,985,1.0,328.0,1977,2,3,149900
5,1174,864.0,1174,2.0,528.0,1978,1,3,158000
6,1026,940.0,1026,2.0,576.0,1978,1,3,147000
5,1076,1076.0,1076,2.0,576.0,1975,1,3,143195
5,1558,864.0,1558,2.0,440.0,1975,2,2,163000
5,924,924.0,924,1.0,280.0,1975,1,3,110000
5,864,864.0,864,1.0,352.0,1972,1,3,127000
5,780,780.0,780,1.0,352.0,1972,1,2,124900
8,1795,1777.0,1795,2.0,534.0,2002,2,3,230000
8,2031,1128.0,1128,2.0,577.0,2002,2,3,237000
7,1865,992.0,992,3.0,839.0,2000,2,3,235000
7,2161,1257.0,1290,2.0,570.0,2001,2,3,230500
8,1852,1004.0,1004,3.0,660.0,1999,2,3,230000
7,2031,1153.0,1153,2.0,541.0,1998,2,3,222500
8,2263,1055.0,1055,2.0,905.0,2001,2,3,287000
9,1947,1357.0,1366,3.0,725.0,2001,2,3,274000
8,1786,1778.0,1786,3.0,715.0,2002,2,3,300000
8,2290,1128.0,1149,2.0,779.0,2002,2,4,255900
7,1768,884.0,884,2.0,543.0,2003,2,3,224900
7,2327,1129.0,1129,2.0,596.0,2003,2,4,240000
7,1640,798.0,798,2.0,595.0,2003,2,3,183000
8,1764,850.0,886,2.0,560.0,1999,2,3,207000
7,1908,915.0,933,2.0,493.0,1994,2,4,210000
6,848,848.0,848,2.0,420.0,2003,1,1,136500
6,848,848.0,848,2.0,420.0,2004,1,1,145000
6,1493,1478.0,1493,2.0,508.0,1997,2,3,208900
6,1838,1838.0,1838,3.0,721.0,1997,2,2,185000
7,1536,1536.0,1536,2.0,532.0,2002,2,3,214000
7,1710,856.0,856,2.0,548.0,2003,2,3,208500
7,1445,1445.0,1445,2.0,470.0,2004,2,3,186500
7,1436,1436.0,1436,2.0,484.0,2004,2,3,210000
7,1582,770.0,770,2.0,520.0,2004,2,3,185900
8,1234,1234.0,1234,2.0,484.0,2007,2,3,179900
7,1564,1564.0,1564,3.0,814.0,2007,2,3,218836
7,1361,1351.0,1361,2.0,610.0,2007,2,3,193000
7,1456,728.0,728,2.0,410.0,2005,2,3,189000
6,848,848.0,848,2.0,420.0,2004,1,1,149300
6,848,848.0,848,2.0,420.0,2004,1,1,141000
6,848,848.0,848,2.0,420.0,2004,1,1,149000
6,848,848.0,848,2.0,420.0,2004,1,1,144500
5,796,796.0,796,0.0,0.0,1910,1,2,85000
5,2200,1272.0,1272,0.0,0.0,1900,2,4,145900
5,1092,1092.0,1092,1.0,264.0,1966,1,3,123000
5,1256,1256.0,1256,1.0,276.0,1965,1,3,147500
5,1033,456.0,1033,2.0,504.0,1976,1,3,165000
6,1127,1127.0,1127,2.0,480.0,1976,1,3,135000
5,996,996.0,996,0.0,0.0,1940,1,3,108000
4,1181,1138.0,1181,2.0,588.0,1972,2,3,137500
7,1656,746.0,760,2.0,397.0,2003,2,3,165400
6,1117,1029.0,1117,2.0,542.0,1977,1,3,147000
6,1398,684.0,684,2.0,440.0,1976,1,3,160500
4,1132,1132.0,1132,2.0,451.0,2005,1,2,176000
5,3820,0.0,3820,2.0,624.0,1959,3,5,284700
10,5642,6110.0,4692,2.0,1418.0,2008,2,3,160000
6,1072,547.0,1072,2.0,525.0,2005,1,2,148000
4,1152,0.0,1152,0.0,0.0,1955,2,2,82000
4,1152,0.0,1152,0.0,0.0,1955,2,2,82000
4,1440,1440.0,1440,0.0,0.0,1955,2,4,118000
4,1152,0.0,1152,0.0,0.0,1955,2,2,82500
4,784,784.0,784,0.0,0.0,1955,1,2,91900
5,1053,585.0,585,0.0,0.0,1938,1,2,120000
5,1137,0.0,929,0.0,0.0,1947,1,4,96000
4,930,911.0,930,1.0,286.0,1953,1,2,99000
5,1200,768.0,768,1.0,240.0,1946,1,3,130500
4,1470,941.0,997,1.0,548.0,1954,2,4,135000
5,1393,816.0,872,1.0,300.0,1955,1,3,135500
4,1204,416.0,1204,1.0,312.0,1954,1,3,100000
4,1292,949.0,949,1.0,205.0,1923,1,3,108000
5,864,864.0,864,0.0,0.0,1925,1,2,98000
3,864,864.0,864,0.0,0.0,1914,1,2,67000
5,1716,780.0,936,0.0,0.0,1912,2,6,135900
6,1482,672.0,810,1.0,400.0,1925,2,4,140000
5,2192,720.0,1052,1.0,240.0,1939,2,4,179500
6,1694,1181.0,1390,2.0,576.0,1925,2,4,136500
7,1424,1228.0,1424,1.0,312.0,1921,2,2,168000
5,1964,940.0,1024,0.0,0.0,1911,1,4,130000
5,2601,612.0,990,2.0,621.0,1921,3,4,189000
6,1920,960.0,960,2.0,480.0,1930,2,4,161900
6,1316,644.0,672,1.0,369.0,1926,1,2,145000
6,2555,588.0,1423,2.0,672.0,1922,2,3,191000
6,1680,840.0,840,1.0,308.0,1915,2,4,177000
6,1264,676.0,676,2.0,400.0,1914,1,3,147500
6,790,768.0,790,1.0,160.0,1930,1,2,91000
8,1512,798.0,798,1.0,180.0,1925,2,3,231000
6,1639,1064.0,1166,1.0,240.0,1936,1,3,115000
6,1603,784.0,819,2.0,599.0,1923,1,4,138000
7,1502,776.0,851,1.0,270.0,1931,1,3,149000
6,1660,715.0,849,1.0,240.0,1934,1,3,188700
5,1938,942.0,1265,1.0,240.0,1937,2,4,198000
5,1374,884.0,932,1.0,225.0,1938,1,3,110000
6,1091,1091.0,1091,1.0,344.0,1951,1,2,104000
8,1873,608.0,983,2.0,786.0,1935,1,4,257076
8,3447,728.0,1968,3.0,1014.0,1935,3,4,381000
7,1954,798.0,1137,2.0,431.0,1939,1,3,311500
7,2161,832.0,1218,2.0,506.0,1950,2,3,263400
5,1898,1898.0,1898,2.0,484.0,1956,2,3,236500
6,1640,1296.0,1640,2.0,924.0,1954,1,3,224000
6,1032,516.0,516,2.0,462.0,1980,1,2,116500
6,1556,716.0,716,2.0,452.0,1980,2,3,151000
6,919,894.0,919,1.0,195.0,1926,1,2,126000
6,1090,720.0,760,1.0,240.0,1940,1,3,120000
4,796,796.0,796,0.0,0.0,1922,1,2,55000
6,816,816.0,816,1.0,432.0,1930,1,2,120500
5,778,740.0,778,1.0,924.0,1940,1,2,120500
5,1200,780.0,780,0.0,0.0,1930,1,4,119000
5,1656,624.0,1092,1.0,288.0,1967,1,3,126000
5,912,520.0,912,1.0,360.0,1930,1,2,99500
5,1955,1151.0,1151,1.0,356.0,1958,2,4,165500
1,733,0.0,733,2.0,487.0,1952,1,2,13100
4,1361,173.0,825,1.0,185.0,1895,1,2,89000
4,1317,649.0,649,1.0,250.0,1920,1,3,40000
4,1049,356.0,671,1.0,195.0,1910,1,2,80900
3,894,894.0,894,3.0,1248.0,1935,1,2,81000
4,864,592.0,432,1.0,216.0,1920,1,3,65000
8,1652,1600.0,1652,2.0,482.0,2008,2,2,392500
8,1648,1596.0,1648,2.0,525.0,2007,2,2,294464
7,1646,1594.0,1646,2.0,482.0,2004,2,2,250000
8,1646,1594.0,1646,2.0,482.0,2004,2,2,275000
7,2032,1840.0,2032,3.0,786.0,1996,3,3,300000
8,1689,1568.0,1689,3.0,857.0,2002,2,3,271000
7,1820,910.0,910,3.0,816.0,1996,2,3,213000
6,1118,1096.0,1118,1.0,358.0,1977,1,3,171000
6,1279,1196.0,1279,2.0,473.0,1977,2,3,171500
5,1872,0.0,936,2.0,484.0,1976,2,4,100000
4,1689,1680.0,1689,2.0,432.0,1991,2,3,228500
5,1786,1499.0,1619,2.0,529.0,1965,2,3,228950
7,1501,1277.0,1501,2.0,512.0,1986,2,2,241500
8,2898,1565.0,2898,2.0,665.0,1976,2,2,287000
8,1537,1518.0,1537,3.0,788.0,2006,2,3,294000
8,1646,1638.0,1646,3.0,800.0,2007,2,3,293077
8,1780,920.0,920,2.0,612.0,2007,2,3,264966
5,1442,352.0,712,2.0,400.0,2006,2,3,172500
5,1394,384.0,754,2.0,400.0,2006,2,3,167500
7,1612,796.0,796,3.0,666.0,2008,2,3,218689
6,1495,1495.0,1495,2.0,438.0,1989,2,3,150000
6,1651,1606.0,1651,2.0,616.0,1986,2,3,184000
6,1256,1256.0,1256,2.0,578.0,1986,2,3,180000
6,1509,1461.0,1509,2.0,600.0,1988,2,3,175000
8,1440,1432.0,1440,2.0,467.0,2003,2,3,232500
6,1675,1666.0,1675,2.0,435.0,1999,2,3,195000
8,2262,1482.0,1482,3.0,749.0,2003,2,4,305000
8,1728,1884.0,1728,2.0,520.0,2007,2,3,298751
8,1964,1964.0,1964,3.0,892.0,2005,2,3,370000
7,1344,1344.0,1344,4.0,784.0,1997,2,2,209200
7,1344,1344.0,1344,4.0,784.0,1997,2,2,206300
5,1092,1092.0,1092,0.0,0.0,2007,1,2,146000
6,1189,1189.0,1189,2.0,392.0,1997,2,2,160500
4,1200,1200.0,1200,3.0,850.0,1964,1,3,173000
5,1040,1040.0,1040,2.0,499.0,1975,1,3,124000
5,1304,264.0,616,1.0,336.0,1976,1,3,115000
5,1475,550.0,925,1.0,336.0,1976,2,4,129500
4,988,526.0,526,1.0,297.0,1973,1,2,105000
4,988,462.0,526,1.0,297.0,1973,1,1,94900
5,1160,1113.0,1160,1.0,257.0,1968,1,3,152500
6,1092,546.0,546,0.0,0.0,1970,2,3,98000
4,630,630.0,630,0.0,0.0,1972,1,1,81000
5,988,988.0,988,2.0,520.0,1954,1,2,113000
5,816,816.0,816,1.0,264.0,1983,1,2,128500
5,923,876.0,923,1.0,264.0,1984,1,3,119500
5,816,816.0,816,1.0,264.0,1982,1,3,130500
5,816,816.0,816,2.0,816.0,1982,1,2,138000
5,845,845.0,845,1.0,264.0,1982,1,3,134500
6,1750,983.0,983,1.0,423.0,1940,2,4,160000
5,889,864.0,889,2.0,484.0,1984,1,3,137500
5,1968,784.0,1168,2.0,530.0,1969,2,4,172000
5,1836,686.0,1150,1.0,288.0,1900,2,4,103000
6,1587,1587.0,1587,2.0,525.0,1971,2,3,167300
7,1277,1277.0,1277,2.0,526.0,1970,1,2,167000
7,2223,2223.0,2223,2.0,516.0,1973,2,3,244000
8,2217,2217.0,2217,2.0,621.0,1970,2,4,268000
7,1733,847.0,847,2.0,433.0,2003,2,3,225000
6,1572,806.0,806,2.0,373.0,1995,2,3,168000
6,1470,794.0,794,2.0,388.0,1997,2,3,177000
6,1600,916.0,916,2.0,460.0,1997,2,3,169000
6,1384,384.0,754,2.0,390.0,1997,2,3,161500
8,1652,1494.0,1652,2.0,499.0,2000,2,2,251000
6,1694,392.0,924,2.0,398.0,1994,2,3,160000
6,1714,923.0,947,2.0,451.0,1999,2,3,180000
7,1553,691.0,691,2.0,420.0,1996,2,3,178750
7,1253,1237.0,1253,2.0,402.0,1995,2,3,176000
6,2299,938.0,957,2.0,482.0,1999,3,5,204000
7,1187,1168.0,1187,2.0,420.0,1992,2,3,160000
7,1472,384.0,802,2.0,402.0,1991,2,3,160000
7,1482,384.0,812,2.0,392.0,1992,2,3,163900
6,1642,903.0,910,2.0,392.0,1993,2,3,168000
6,1128,1302.0,1128,2.0,480.0,1964,1,3,154204
8,1088,1074.0,1088,2.0,461.0,1986,1,2,170000
7,2090,1190.0,1190,2.0,577.0,1984,2,3,207500
8,1179,1166.0,1179,2.0,480.0,1988,2,2,182000
8,1321,1312.0,1321,2.0,484.0,1990,1,1,212000
9,1922,1922.0,1922,3.0,676.0,2005,2,3,377426
8,2541,1149.0,1164,3.0,729.0,2005,3,4,349265
9,2338,2660.0,2338,3.0,1110.0,2006,2,4,591587
5,1424,1100.0,1424,3.0,828.0,1969,1,3,155000
9,1612,1612.0,1612,2.0,556.0,2006,2,2,319900
8,1419,1419.0,1419,2.0,567.0,2007,2,2,392000
8,2234,2220.0,2234,2.0,724.0,2006,1,1,441929
10,2042,1742.0,2042,3.0,724.0,2006,2,3,455000
6,1440,1440.0,1440,2.0,467.0,1981,2,3,182900
6,1284,1284.0,1284,2.0,480.0,1984,2,3,174000
6,1868,585.0,1140,2.0,477.0,1984,3,3,178000
7,1479,725.0,725,2.0,484.0,1981,2,3,176000
7,1664,1529.0,1664,2.0,663.0,1978,2,3,213000
7,1930,780.0,1085,2.0,481.0,1979,2,4,192000
7,1969,808.0,1161,2.0,534.0,1977,2,3,190000
6,2030,848.0,1118,2.0,551.0,1976,2,4,195000
6,1032,1032.0,1032,2.0,564.0,1978,2,3,148000
6,1177,1153.0,1177,2.0,495.0,1984,2,3,151500
7,1725,539.0,1040,2.0,550.0,1979,2,3,197000
6,1353,1259.0,1353,2.0,478.0,1979,2,2,192350
5,1620,780.0,780,2.0,462.0,1969,2,4,152000
6,1220,1625.0,1220,2.0,944.0,1971,2,2,170000
5,1484,1484.0,1484,2.0,487.0,1971,2,3,175000
6,1743,702.0,1041,2.0,539.0,1968,1,3,175000
7,1935,793.0,1142,2.0,550.0,1976,2,3,197900
7,1324,1228.0,1324,2.0,585.0,1976,2,3,174000
6,1877,1084.0,1084,2.0,488.0,1974,2,4,178900
5,1109,372.0,576,1.0,288.0,1971,1,3,139000
6,981,981.0,981,2.0,576.0,1971,1,3,143250
7,1479,725.0,725,2.0,484.0,1972,1,4,184000
5,1422,925.0,1422,2.0,576.0,1970,1,3,155000
5,914,914.0,914,1.0,368.0,1970,1,3,133000
5,950,950.0,950,1.0,280.0,1971,1,3,119500
4,872,858.0,872,4.0,480.0,1971,1,3,123000
4,858,858.0,858,1.0,684.0,1971,1,2,110000
4,914,914.0,914,1.0,270.0,1961,1,2,128000
4,864,864.0,864,2.0,528.0,1971,1,3,120500
7,767,723.0,767,1.0,367.0,1998,1,1,133000
6,1337,1337.0,1337,2.0,511.0,2001,2,2,155000
6,1337,1405.0,1337,2.0,522.0,1997,2,2,177000
6,1092,525.0,525,1.0,264.0,1973,1,3,113500
6,1218,672.0,672,1.0,264.0,1973,1,3,113000
6,1218,672.0,672,1.0,264.0,1973,1,4,113700
5,1302,630.0,630,2.0,440.0,1970,2,3,106000
5,1365,765.0,765,2.0,440.0,1971,1,2,122500
6,958,1078.0,958,2.0,440.0,1976,2,2,128000
6,1548,804.0,804,2.0,440.0,1976,2,3,155000
7,1055,1061.0,1055,1.0,319.0,1978,2,2,142500
5,988,988.0,988,1.0,360.0,1966,1,3,129250
9,1816,1790.0,1816,3.0,730.0,2006,2,3,356000
9,1828,1822.0,1828,3.0,774.0,2007,2,3,314813
8,1694,1694.0,1694,3.0,818.0,2007,2,3,318000
8,1694,1694.0,1694,3.0,856.0,2006,2,3,322400
8,1734,1734.0,1734,3.0,928.0,2007,2,3,318000
8,2122,2108.0,2122,3.0,938.0,2007,2,2,345474
9,2121,2121.0,2121,3.0,732.0,2006,2,3,415298
9,2656,1934.0,1943,3.0,1040.0,2007,2,3,492000
8,2550,1108.0,1148,3.0,670.0,2006,2,4,338931
10,2046,1994.0,2046,3.0,878.0,2005,2,2,450000
7,2172,1063.0,1071,3.0,947.0,2006,2,3,280000
9,2552,2552.0,2552,3.0,932.0,2007,2,3,479069
8,1973,1935.0,1973,3.0,895.0,2006,2,3,395000
9,2643,2153.0,2069,3.0,694.0,2006,2,3,380000
8,1634,1626.0,1634,3.0,866.0,2006,2,3,250000
8,1976,1976.0,1976,3.0,908.0,2006,2,2,440000
9,2758,1704.0,1722,3.0,814.0,2005,2,4,418000
10,2290,2320.0,2290,3.0,1174.0,2007,2,2,500067
8,2152,1582.0,1582,2.0,728.0,2007,2,3,260116
8,2473,1143.0,1143,3.0,852.0,2004,2,4,317000
8,2100,918.0,958,3.0,786.0,2007,2,3,319500
8,2161,1582.0,1610,3.0,789.0,2007,1,3,325624
9,1802,1802.0,1802,3.0,843.0,2006,2,3,372000
8,2956,1706.0,1718,3.0,916.0,2004,2,5,342000
8,2468,1136.0,1136,3.0,872.0,2004,2,4,354000
8,2385,1317.0,1217,3.0,818.0,2003,2,3,350000
8,2374,1181.0,1234,3.0,656.0,2003,2,4,285000
8,1818,895.0,895,3.0,774.0,2007,2,3,281500
7,1614,1614.0,1614,3.0,878.0,2005,2,3,245700
8,1721,1721.0,1721,2.0,554.0,2005,2,3,232698
8,1828,1298.0,1298,3.0,876.0,2006,2,3,250000
6,1362,1362.0,1362,2.0,460.0,2005,2,2,194700
6,1302,1302.0,1302,2.0,631.0,2005,1,1,204000
6,1302,1302.0,1302,2.0,631.0,2005,1,1,200000
6,1362,1362.0,1362,2.0,460.0,2005,2,2,207000
8,1554,1554.0,1554,2.0,627.0,2006,2,2,209500
8,1554,1554.0,1554,2.0,627.0,2006,2,2,209500
8,1370,1370.0,1370,2.0,484.0,2006,2,2,202500
9,1577,1577.0,1577,2.0,564.0,2005,2,2,280000
9,1561,1561.0,1561,2.0,556.0,2005,2,2,277500
9,1869,1869.0,1869,2.0,617.0,2007,2,2,318061
8,1324,1324.0,1324,2.0,550.0,2006,2,2,221370
7,1405,1405.0,1405,2.0,478.0,2003,2,2,200000
6,1496,768.0,768,2.0,572.0,2007,3,3,181755
6,1536,768.0,768,2.0,400.0,2005,2,3,176000
6,1484,783.0,783,2.0,393.0,2005,2,3,178900
7,1458,608.0,608,2.0,454.0,2006,2,3,168165
6,1495,738.0,738,2.0,440.0,2006,2,3,171925
6,1746,698.0,698,3.0,350.0,2006,2,3,198444
6,1326,1326.0,1326,2.0,388.0,2005,2,3,203000
7,1456,728.0,728,2.0,400.0,2007,2,3,179540
7,1302,1302.0,1302,2.0,436.0,2007,2,3,176485
7,1340,1340.0,1340,2.0,396.0,2007,2,3,181134
6,1412,616.0,616,2.0,432.0,2006,2,3,156932
6,1504,752.0,752,2.0,440.0,2007,2,3,166000
7,1456,728.0,728,2.0,400.0,2007,2,3,177594
7,1258,1246.0,1258,2.0,462.0,2007,2,3,173500
7,1258,1258.0,1258,3.0,648.0,2006,2,2,172500
7,1402,1258.0,1402,3.0,648.0,2006,0,2,194201
8,1589,1406.0,1589,3.0,630.0,2003,2,2,226500
7,1266,1266.0,1266,2.0,388.0,2007,2,2,185485
7,1530,1530.0,1530,3.0,630.0,2004,2,3,259000
7,1119,835.0,1119,2.0,437.0,2004,2,2,188500
7,1374,384.0,744,2.0,400.0,2004,2,3,175000
7,1959,847.0,847,2.0,434.0,2004,2,4,215000
7,1525,1510.0,1525,2.0,534.0,2006,2,3,206580
7,1720,840.0,840,2.0,440.0,2004,2,3,183500
7,1394,384.0,754,2.0,400.0,2003,2,3,165500
7,1948,847.0,847,2.0,434.0,2003,2,4,211000
6,1690,924.0,948,2.0,463.0,2000,2,3,181000
7,1995,854.0,864,2.0,435.0,2002,2,4,219500
6,1647,953.0,953,2.0,460.0,1999,2,3,175000
7,1430,384.0,774,2.0,400.0,2000,2,3,170000
7,1320,660.0,660,2.0,400.0,2003,2,3,162000
6,1690,915.0,940,2.0,442.0,2000,2,3,187000
6,1644,941.0,961,2.0,460.0,1999,2,3,185000
10,4476,2396.0,2411,3.0,813.0,1996,3,4,745000
8,2551,1779.0,1779,3.0,925.0,1997,2,4,384500
8,2285,969.0,997,3.0,648.0,2000,2,4,248000
10,2633,2633.0,2633,3.0,804.0,2001,2,2,466500
9,3078,1408.0,1671,3.0,806.0,1998,2,4,410000
8,2582,1389.0,1411,3.0,758.0,1998,2,4,322500
7,2385,1066.0,1108,3.0,600.0,1998,2,4,252000
10,4316,2444.0,2444,3.0,832.0,1994,3,4,755000
7,2013,1117.0,1127,2.0,455.0,1996,2,3,269790
7,2398,1379.0,1383,3.0,834.0,1996,2,3,315750
7,2520,1203.0,1214,3.0,721.0,1995,2,4,290000
8,2531,1318.0,1328,3.0,752.0,1995,2,4,290000
8,3228,3200.0,3228,2.0,546.0,1992,3,4,430000
8,2202,1105.0,1105,2.0,517.0,1992,2,4,263000
8,2538,1325.0,1335,3.0,933.0,1996,2,4,330000
7,1369,1369.0,1369,2.0,605.0,2007,2,3,213133
8,1542,1542.0,1542,3.0,852.0,2007,2,3,260261
9,1905,1905.0,1905,3.0,788.0,2006,2,3,320000
8,1464,1485.0,1464,3.0,754.0,2007,2,3,282922
8,1534,1524.0,1534,2.0,484.0,2006,2,3,215000
10,1966,1966.0,1966,3.0,1092.0,2007,2,1,419005
8,1636,1623.0,1636,3.0,865.0,2006,2,3,255000
8,1795,1795.0,1795,3.0,895.0,2006,2,2,147000
7,1528,1528.0,1528,2.0,480.0,2007,3,3,235876
7,1726,1726.0,1726,3.0,786.0,2007,2,3,311872
7,1689,1689.0,1689,3.0,954.0,2007,2,3,248328
8,1588,1588.0,1588,3.0,825.0,2006,2,3,227000
8,1538,1538.0,1538,2.0,484.0,2005,2,3,260000
8,1496,1496.0,1496,2.0,474.0,2007,2,3,225000
7,1506,1494.0,1506,2.0,672.0,2005,2,3,249000
8,1694,1686.0,1694,2.0,636.0,2004,2,3,307000
7,1977,982.0,982,3.0,574.0,2006,2,3,250000
8,1830,1302.0,1302,3.0,859.0,2006,2,3,221300
8,1338,1338.0,1338,2.0,598.0,2007,2,3,208900
7,1335,1335.0,1335,2.0,575.0,2006,2,3,210400
8,1792,896.0,896,2.0,590.0,2007,2,3,255000
5,1588,725.0,725,2.0,561.0,2007,3,3,212109
8,1959,1088.0,1088,3.0,1025.0,2006,2,3,270000
8,2610,1184.0,1184,2.0,550.0,2007,2,4,303477
8,1880,955.0,955,3.0,880.0,2007,2,3,310013
8,1656,1656.0,1656,3.0,826.0,2006,2,3,249700
7,1761,874.0,874,2.0,578.0,2007,3,3,227875
8,1584,1574.0,1584,2.0,594.0,2007,2,2,261329
8,1685,1685.0,1685,3.0,658.0,2006,2,2,253000
6,2443,1158.0,1158,3.0,744.0,2004,2,4,265000
8,2466,1580.0,1580,2.0,610.0,2004,3,4,340000
6,1100,1100.0,1100,0.0,0.0,2006,1,3,146000
7,1143,1143.0,1143,0.0,0.0,2006,1,3,147000
5,1094,1094.0,1094,2.0,576.0,2003,1,3,149000
7,1486,1461.0,1486,2.0,566.0,2006,2,3,181000
6,1721,928.0,936,2.0,471.0,1994,2,3,201000
6,1820,864.0,920,2.0,492.0,1993,2,3,191750
7,1349,1349.0,1349,2.0,539.0,2000,2,3,179000
7,1494,1482.0,1494,2.0,514.0,1998,2,3,215000
6,1575,1575.0,1575,2.0,529.0,1992,2,2,179200
6,1266,630.0,630,1.0,283.0,1980,1,2,128000
5,884,840.0,884,2.0,504.0,1983,1,2,144000
5,2020,0.0,2020,2.0,630.0,1977,2,4,144000
5,894,894.0,894,1.0,308.0,1977,1,2,120750
5,970,970.0,970,2.0,624.0,1963,1,2,132500
5,1057,1057.0,1057,2.0,576.0,1962,1,3,132000
5,999,999.0,999,1.0,264.0,1962,1,3,132500
4,1120,1040.0,1120,2.0,544.0,1961,1,3,129000
5,1696,1140.0,1696,1.0,349.0,1962,1,3,143900
5,1040,1040.0,1040,2.0,686.0,1968,1,3,145000
5,988,988.0,988,2.0,572.0,1961,1,3,128500
5,902,876.0,902,1.0,288.0,1967,1,3,125500
7,2503,1223.0,1271,2.0,564.0,1990,2,3,300000
7,2167,1192.0,1516,2.0,518.0,1974,2,3,294000
5,1037,1037.0,1037,2.0,431.0,1974,1,2,129000
5,1701,1390.0,1701,2.0,611.0,1975,2,3,171000
6,1055,1044.0,1055,2.0,542.0,1973,1,2,147000
8,2810,1453.0,1453,2.0,750.0,1990,2,4,302000
8,2872,1683.0,2129,2.0,541.0,1992,2,4,285000
8,1378,1378.0,1378,2.0,540.0,2004,2,2,214000
8,1151,1141.0,1151,2.0,484.0,2006,2,2,166000
8,1565,1511.0,1565,2.0,476.0,2006,2,2,193800
7,1352,1352.0,1352,2.0,466.0,2006,2,2,208900
7,1352,1352.0,1352,2.0,466.0,2006,2,2,194000
8,1550,1550.0,1550,2.0,528.0,2006,2,2,207500
7,1241,1241.0,1241,2.0,569.0,2006,1,1,199900
7,1250,625.0,625,2.0,528.0,2006,2,2,164700
6,1501,744.0,757,2.0,440.0,1999,2,3,176500
6,1458,729.0,729,2.0,440.0,1999,2,2,176000
6,1512,756.0,756,2.0,440.0,2000,2,2,168500
6,1573,756.0,769,2.0,440.0,2000,2,3,177000
6,1525,756.0,769,2.0,440.0,2000,2,3,177000
7,1102,551.0,551,2.0,480.0,2004,2,2,148800
8,1441,776.0,764,2.0,492.0,1999,2,2,174000
7,1950,975.0,975,2.0,576.0,1997,2,3,239000
7,1358,1339.0,1358,2.0,625.0,1999,2,3,204000
8,2048,1054.0,1072,2.0,552.0,2003,2,3,301000
8,2362,1220.0,1220,2.0,1105.0,1998,2,3,312500
8,1494,1494.0,1494,2.0,478.0,1994,1,1,279700
7,2362,2002.0,2362,2.0,546.0,1980,2,3,255000
5,1432,1360.0,1432,2.0,588.0,1978,1,2,194000
5,1437,1437.0,1437,2.0,528.0,1976,2,3,218000
8,1295,1057.0,1295,2.0,571.0,1978,1,1,213750
6,1855,528.0,1094,2.0,512.0,1976,2,3,187000
6,1262,1262.0,1262,2.0,460.0,1976,2,3,181500
8,2497,2461.0,2497,2.0,676.0,1981,2,2,373000
5,2620,1361.0,1361,2.0,600.0,1977,2,4,190000
7,1929,1057.0,1057,2.0,650.0,2001,2,3,226000
6,1152,912.0,1152,2.0,412.0,1968,1,3,143450
6,2411,1008.0,1403,2.0,570.0,1970,2,4,240050
6,1082,973.0,1082,2.0,480.0,1969,1,3,162500
6,1295,1295.0,1295,2.0,528.0,1968,1,3,164000
7,1610,1124.0,1610,2.0,515.0,1972,2,3,185000
7,1594,1594.0,1594,2.0,472.0,1993,2,2,188500
7,2075,1148.0,1091,2.0,473.0,1993,2,3,255000
5,1680,1680.0,1680,2.0,528.0,1976,2,4,136905
6,1093,1093.0,1093,2.0,484.0,1966,2,3,158500
7,1242,1242.0,1242,2.0,528.0,1973,1,3,175500
6,1052,1052.0,1052,1.0,311.0,1963,1,3,127000
5,1107,949.0,1107,1.0,308.0,1967,1,3,127000
5,1214,1214.0,1214,1.0,318.0,1967,2,3,143000
5,1073,1073.0,1073,2.0,515.0,1965,1,3,156000
5,1344,1024.0,1344,1.0,484.0,1958,1,2,144000
5,1728,1728.0,1728,1.0,352.0,1964,2,6,119000
4,1224,0.0,1224,3.0,530.0,1964,2,2,103000
5,1422,978.0,1422,1.0,286.0,1960,1,3,139900
6,958,958.0,958,1.0,301.0,1960,1,2,151500
5,1065,1065.0,1065,2.0,461.0,1960,1,3,126500
6,1138,588.0,1138,1.0,264.0,1958,1,3,145000
5,912,912.0,912,1.0,297.0,1958,1,2,120000
5,1074,894.0,1074,2.0,396.0,1956,1,2,124000
5,882,0.0,882,1.0,294.0,1959,1,3,106500
5,1187,864.0,1187,2.0,440.0,1961,1,2,140500
5,964,964.0,964,2.0,784.0,1961,1,3,137500
5,894,894.0,894,1.0,312.0,1960,1,3,117600
7,1200,1174.0,1200,2.0,440.0,1966,2,3,163500
6,1042,1042.0,1042,2.0,440.0,1965,2,3,161000
6,1302,1302.0,1302,1.0,309.0,1964,2,3,158000
6,2154,845.0,845,2.0,539.0,1964,2,5,224500
6,1374,1130.0,1374,1.0,286.0,1964,1,3,147000
6,1652,1592.0,1652,2.0,510.0,1959,1,3,200000
6,1429,1144.0,1429,2.0,572.0,1960,1,3,181900
5,1327,1063.0,1327,2.0,624.0,1959,1,3,150750
4,1224,0.0,1224,2.0,462.0,1962,2,2,101800
6,932,932.0,932,1.0,306.0,1950,1,2,124000
5,908,822.0,908,2.0,512.0,1940,1,2,138500
1,334,0.0,334,0.0,0.0,1946,1,1,39300
3,666,666.0,666,0.0,0.0,1946,1,2,64500
3,670,370.0,442,0.0,0.0,1945,1,2,64000
5,808,808.0,808,1.0,308.0,1958,1,2,112000
6,1977,816.0,1127,2.0,540.0,1964,1,4,165000
5,1150,1078.0,1150,1.0,288.0,1955,1,2,144000
5,1920,928.0,928,2.0,400.0,1948,2,4,137000
5,1376,768.0,968,1.0,240.0,1941,1,3,105000
5,1644,728.0,888,1.0,312.0,1942,1,3,146500
5,1560,1560.0,1560,3.0,792.0,1968,2,4,126000
5,1280,793.0,1280,2.0,432.0,1966,2,3,175000
6,1254,1218.0,1254,2.0,525.0,1961,1,3,158500
5,912,912.0,912,1.0,275.0,1958,1,2,114500
5,1524,874.0,874,1.0,315.0,1958,1,3,144000
6,2380,1021.0,1465,2.0,596.0,1965,2,3,129000
6,936,936.0,936,1.0,315.0,1957,1,2,141000
5,1008,1008.0,1008,1.0,308.0,1956,1,3,131000
5,1053,1053.0,1053,2.0,692.0,1963,1,3,142100
5,1056,1056.0,1056,1.0,308.0,1958,1,3,139000
6,1442,1442.0,1442,1.0,301.0,1958,1,4,157900
5,1056,1056.0,1056,1.0,260.0,1954,1,3,139400
6,1244,1244.0,1244,1.0,336.0,1957,1,3,150000
5,1144,1144.0,1144,1.0,336.0,1960,1,3,120000
6,1721,1331.0,1721,2.0,464.0,1957,1,4,174850
5,922,922.0,922,1.0,308.0,1957,1,2,116000
5,1048,1048.0,1048,1.0,286.0,1956,1,3,135000
6,1657,1657.0,1657,2.0,484.0,1970,2,3,163500
5,1411,1204.0,1411,1.0,310.0,1955,1,3,130000
5,1216,1216.0,1216,1.0,336.0,1955,1,3,129500
5,1154,864.0,1154,1.0,336.0,1953,1,3,142000
5,1560,1560.0,1560,2.0,484.0,1958,2,4,128600
6,948,948.0,948,2.0,410.0,1952,1,2,125000
6,1040,1040.0,1040,1.0,293.0,1953,1,3,136000
5,1008,1008.0,1008,1.0,240.0,1953,1,2,134500
5,925,925.0,925,1.0,252.0,1956,1,3,127000
5,1360,384.0,1360,2.0,572.0,1955,1,3,130000
4,1540,1190.0,1040,1.0,352.0,1955,1,4,115000
5,925,923.0,925,1.0,390.0,1955,1,3,116900
5,928,928.0,928,1.0,252.0,1956,1,2,132000
4,1647,1105.0,1647,1.0,280.0,1953,1,3,153000
5,924,924.0,924,1.0,420.0,1952,1,2,112500
4,1544,925.0,1000,0.0,0.0,1890,2,3,138000
5,893,845.0,893,2.0,576.0,1949,1,2,135000
5,1728,1216.0,1216,1.0,371.0,1953,1,3,156000
5,3086,666.0,1308,3.0,1200.0,1935,3,4,301600
5,1034,735.0,735,1.0,240.0,1940,1,2,109000
4,882,882.0,882,0.0,0.0,1956,1,1,103200
4,1281,1151.0,845,2.0,580.0,1925,2,1,128500
4,968,656.0,968,1.0,216.0,1927,2,4,64500
5,1534,736.0,751,0.0,0.0,1895,1,3,148000
5,691,691.0,691,1.0,216.0,1920,1,2,86000
7,1651,725.0,1035,1.0,276.0,1963,2,4,172000
5,888,920.0,888,1.0,240.0,1961,1,3,120000
6,952,952.0,952,1.0,288.0,1968,1,3,128500
5,2080,1040.0,1040,2.0,504.0,1969,1,5,135000
5,924,672.0,672,2.0,576.0,1949,1,3,122900
6,1082,1082.0,1082,1.0,240.0,1948,1,2,119200
6,1846,1040.0,1168,1.0,315.0,1949,2,3,143000
5,988,876.0,988,1.0,276.0,1950,1,3,119000
5,1238,864.0,1238,1.0,357.0,1950,1,3,102000
5,864,864.0,864,2.0,720.0,1950,1,3,129000
5,1134,1010.0,1134,1.0,254.0,1960,1,2,135000
5,1040,1040.0,1040,1.0,286.0,1959,1,3,152000
5,1170,1170.0,1170,1.0,338.0,1958,1,3,140000
5,1242,1242.0,1242,1.0,324.0,1960,1,3,152000
5,1377,1377.0,1377,1.0,351.0,1960,1,3,156500
5,1800,1800.0,1800,0.0,0.0,1961,2,6,141000
5,925,0.0,925,1.0,300.0,1961,1,3,99000
6,1851,822.0,1020,2.0,440.0,1964,2,3,187000
5,1812,864.0,876,1.0,264.0,1962,2,4,169500
5,864,864.0,864,1.0,294.0,1962,1,2,125500
5,936,896.0,936,1.0,288.0,1962,1,3,130000
5,960,850.0,960,2.0,576.0,1926,1,2,103000
5,1432,264.0,768,2.0,360.0,1910,2,2,132000
6,1296,845.0,866,2.0,576.0,1927,1,3,127500
5,1022,1022.0,1022,1.0,184.0,1922,1,2,89500
5,936,936.0,936,2.0,672.0,1980,1,2,140000
5,967,967.0,967,1.0,180.0,1920,1,2,99900
4,1047,641.0,1047,1.0,273.0,1885,1,2,100000
5,1072,808.0,1072,2.0,379.0,1940,1,2,130000
5,1174,680.0,680,2.0,576.0,1900,1,2,135000
3,1183,649.0,679,1.0,308.0,1948,1,2,120000
4,1131,907.0,1131,2.0,672.0,1937,1,2,89471
4,1141,570.0,761,1.0,252.0,1900,1,3,85000
4,960,960.0,960,1.0,308.0,1920,1,2,108500
4,1798,1075.0,1156,2.0,342.0,1900,2,4,137000
5,866,686.0,866,0.0,0.0,1945,1,2,110500
5,968,968.0,968,2.0,480.0,1923,1,2,100000
8,1772,725.0,909,2.0,816.0,1910,2,3,184900
6,1642,728.0,914,1.0,374.0,1927,1,4,145000
5,1472,702.0,842,1.0,250.0,1925,1,3,125000
5,1232,616.0,616,2.0,480.0,1910,1,3,114000
5,2337,662.0,1422,2.0,560.0,1900,2,5,90000
6,1650,926.0,991,2.0,468.0,1910,2,3,144100
6,2210,1008.0,1178,1.0,205.0,1880,2,5,117500
5,1358,687.0,687,1.0,336.0,1930,1,3,124500
7,2454,819.0,1312,2.0,576.0,1879,2,3,185000
6,2291,1214.0,1260,2.0,506.0,1910,2,4,133900
6,1616,1149.0,1149,1.0,216.0,1926,2,3,152000
5,1559,1559.0,1559,2.0,812.0,1948,1,2,153500
7,2554,718.0,1576,2.0,704.0,1890,1,3,159500
5,1248,912.0,912,1.0,160.0,1930,1,2,87000
4,968,0.0,968,1.0,331.0,1956,1,2,104500
4,1382,0.0,1382,1.0,384.0,1949,2,1,110000
5,1060,756.0,916,1.0,308.0,1925,1,1,136500
5,1435,910.0,910,1.0,308.0,1950,1,3,128250
5,1167,915.0,1167,2.0,495.0,1920,1,3,144000
6,1635,1065.0,915,2.0,440.0,1923,1,3,210000
5,1274,728.0,728,1.0,224.0,1939,2,3,135000
6,1232,600.0,608,1.0,217.0,1939,1,3,128000
6,1218,735.0,869,2.0,440.0,1941,1,3,131000
5,884,884.0,884,1.0,240.0,1939,1,2,113000
6,1409,861.0,861,2.0,528.0,1938,1,3,126000
5,1322,672.0,899,1.0,280.0,1939,1,4,132000
5,1426,966.0,1014,1.0,230.0,1930,1,3,131750
5,1281,756.0,903,2.0,379.0,1926,1,2,132500
5,1513,939.0,939,1.0,180.0,1920,1,4,137500
7,854,832.0,854,2.0,576.0,1929,1,2,132000
6,1367,884.0,959,1.0,560.0,1931,1,3,127500
6,986,960.0,986,1.0,180.0,1926,1,2,102000
6,2264,1100.0,1100,1.0,408.0,1918,2,4,200000
6,1824,764.0,1060,2.0,520.0,1919,1,3,180500
6,1376,768.0,752,2.0,576.0,1920,1,3,165000
5,1316,750.0,960,2.0,576.0,1926,1,4,90000
6,1396,698.0,698,1.0,384.0,1915,1,3,153575
7,1344,672.0,672,2.0,456.0,1929,1,3,140000
6,2526,714.0,1664,1.0,216.0,1916,2,5,136000
5,1173,592.0,933,1.0,240.0,1901,2,3,113000
5,1214,969.0,969,1.0,216.0,1901,1,2,117000
7,1818,1040.0,1226,1.0,240.0,1931,1,4,169500
7,1108,637.0,1108,1.0,280.0,1930,1,3,139400
6,2294,741.0,1497,2.0,658.0,1963,3,5,202500
6,1355,684.0,773,0.0,0.0,1914,1,3,127000
6,1375,780.0,780,1.0,544.0,1937,1,3,141000
7,1952,976.0,976,1.0,299.0,1950,1,4,212300
6,2180,1138.0,1138,2.0,720.0,1915,1,3,161000
4,1315,808.0,838,2.0,436.0,1958,2,3,99500
5,1111,530.0,581,1.0,288.0,1920,1,3,101000
4,1196,1196.0,1196,2.0,440.0,1916,1,2,109900
5,1382,720.0,854,2.0,660.0,1941,1,2,128500
7,1889,925.0,964,1.0,308.0,1910,1,4,122000
5,840,672.0,840,0.0,0.0,1930,1,3,87000
4,1484,771.0,866,1.0,264.0,1910,2,3,50000
7,2267,1005.0,1262,2.0,498.0,1937,1,3,219000
5,3086,1598.0,1636,0.0,0.0,1946,3,3,200500
5,1134,756.0,756,1.0,240.0,1940,1,3,126000
5,1282,672.0,778,1.0,240.0,1942,1,2,108500
5,999,925.0,999,1.0,308.0,1963,1,3,130000
5,1452,1420.0,1452,2.0,572.0,1964,1,2,158450
4,1005,1005.0,1005,2.0,440.0,1964,1,3,115400
4,1029,1029.0,1029,1.0,261.0,1961,1,3,118500
5,1020,980.0,1020,2.0,528.0,1964,2,3,165000
5,1040,1040.0,1040,1.0,264.0,1966,1,3,123000
6,913,814.0,913,1.0,240.0,1966,1,3,129000
5,894,894.0,894,1.0,384.0,1966,1,3,125000
5,948,948.0,948,1.0,300.0,1968,1,3,108000
5,868,768.0,868,2.0,576.0,1971,1,2,119900
5,897,876.0,897,1.0,264.0,1968,1,3,115000
5,943,943.0,943,2.0,528.0,1967,1,2,134500
5,955,955.0,955,1.0,386.0,1966,1,3,127000
5,894,894.0,894,2.0,450.0,1968,1,3,129000
6,1285,660.0,1285,2.0,528.0,1977,1,3,143500
5,912,912.0,912,1.0,315.0,1966,1,3,129000
5,1375,1240.0,1375,1.0,323.0,1956,1,3,187000
5,2654,671.0,1567,2.0,638.0,1920,3,4,158000
5,1416,816.0,1416,2.0,576.0,1918,2,3,112000
7,1302,680.0,798,1.0,224.0,1940,1,2,165250
6,1299,967.0,1299,2.0,494.0,1954,1,3,150000
5,1176,1158.0,1176,1.0,303.0,1958,1,3,137000
4,998,0.0,998,2.0,460.0,1945,1,3,89500
7,1824,1643.0,1824,2.0,739.0,1971,2,2,302000
6,1522,1190.0,1522,2.0,552.0,1984,2,3,182000
6,2060,1151.0,1164,2.0,521.0,1988,2,4,211000
5,1325,409.0,1325,2.0,576.0,1948,2,3,216000
5,1630,1073.0,1630,2.0,649.0,1953,2,3,130000
4,1242,484.0,1242,1.0,336.0,1946,1,2,109900
6,2422,1288.0,2422,2.0,527.0,1954,3,4,255000
6,2158,1202.0,2158,2.0,576.0,1950,2,4,243000
6,1626,988.0,988,1.0,332.0,1954,1,3,154000
5,864,864.0,864,1.0,399.0,1958,1,3,118000
4,943,0.0,943,1.0,308.0,1958,1,3,80000
4,1440,1440.0,1440,0.0,0.0,1977,2,4,150000
4,605,528.0,605,0.0,0.0,1920,1,2,86000
5,1038,1038.0,1038,1.0,264.0,1984,2,2,130000
5,1342,1342.0,1342,1.0,256.0,1951,1,4,125000
5,1480,1080.0,1080,1.0,253.0,1951,1,4,136500
4,1362,951.0,986,1.0,280.0,1920,2,4,96000
5,1340,0.0,1340,1.0,252.0,1957,1,3,120000
6,1822,1105.0,1105,2.0,515.0,1984,2,4,228500
7,1442,910.0,1442,2.0,719.0,1990,2,3,179900
7,2243,700.0,1122,3.0,746.0,1990,2,4,225000
7,2730,1502.0,1553,2.0,576.0,1986,2,4,301000
7,2127,1104.0,912,3.0,833.0,1991,2,4,238000
7,1982,807.0,1175,2.0,575.0,1989,2,3,228500
7,1958,779.0,1029,2.0,499.0,1994,2,3,220000
7,2696,1264.0,1282,3.0,792.0,2007,2,4,383970
8,2828,1466.0,1466,3.0,1052.0,2006,3,4,424870
8,1651,1643.0,1651,3.0,870.0,2007,2,3,250000
8,2140,2140.0,2140,3.0,894.0,2006,2,3,360000
7,1494,1494.0,1494,3.0,840.0,2006,2,3,279500
7,1316,1316.0,1316,2.0,440.0,2007,2,3,200141
8,1651,1643.0,1651,3.0,870.0,2007,2,3,246500
8,2574,1482.0,1482,3.0,868.0,2007,2,3,276000
7,1274,1274.0,1274,2.0,508.0,2005,2,3,203000
7,1456,728.0,728,2.0,440.0,2006,2,3,155835
7,1240,1240.0,1240,3.0,826.0,2006,2,2,194000
7,1208,1208.0,1208,2.0,628.0,2007,2,2,195400
7,1546,1546.0,1546,3.0,796.0,2005,2,3,217000
8,1500,1489.0,1500,2.0,674.0,2006,2,3,212999
7,1270,1270.0,1270,2.0,524.0,2005,2,2,175900
7,1795,879.0,879,2.0,578.0,2005,2,3,191000
6,1314,1314.0,1314,2.0,440.0,2006,2,3,176432
7,2062,1157.0,1180,2.0,454.0,1988,2,3,277000
7,1873,929.0,946,2.0,619.0,1988,2,3,207000
6,2144,1444.0,1444,2.0,389.0,1958,2,4,277000
6,1953,1580.0,1079,2.0,501.0,1992,2,3,240000
6,2087,832.0,976,2.0,444.0,1966,2,5,187500
8,1743,966.0,1743,2.0,529.0,1976,0,0,279000
5,1022,1022.0,1022,2.0,747.0,1994,1,3,139500
5,990,990.0,990,1.0,299.0,1994,1,3,126000
6,1200,1200.0,1200,2.0,521.0,1995,2,3,177500
6,1308,635.0,646,2.0,497.0,1997,2,3,175000
6,1796,794.0,882,2.0,546.0,1998,2,3,211000
5,990,990.0,990,1.0,384.0,1994,1,3,146000
5,1097,1097.0,1097,1.0,242.0,1996,1,3,147900
4,990,990.0,990,0.0,0.0,1994,1,3,123600
6,1786,824.0,905,2.0,684.0,1997,2,3,204750
7,1873,988.0,988,2.0,597.0,1999,2,3,235500
7,1753,853.0,853,2.0,534.0,1998,2,3,217000
7,1690,845.0,845,2.0,517.0,2001,2,3,190550
7,1842,985.0,985,2.0,486.0,2000,2,3,217500
7,1479,1453.0,1479,2.0,558.0,2003,2,3,226000
7,1668,840.0,840,2.0,500.0,2003,2,3,180000
5,894,864.0,894,2.0,440.0,1974,1,3,131000
5,1025,1015.0,1025,2.0,370.0,1976,2,3,153500
5,1009,995.0,1009,2.0,576.0,1977,2,3,160000
5,1040,1040.0,1040,2.0,748.0,1977,1,3,134900
5,907,876.0,907,1.0,308.0,1977,1,3,130000
5,879,864.0,879,2.0,440.0,1975,1,3,120000
5,882,882.0,882,2.0,461.0,1972,1,3,112500
5,969,969.0,969,2.0,440.0,1975,1,3,122000
5,864,864.0,864,2.0,576.0,1972,1,3,127000
4,875,385.0,875,2.0,728.0,1972,1,3,117000
8,2000,2000.0,2000,3.0,888.0,2004,2,3,305900
8,2169,1284.0,1284,2.0,647.0,2002,2,3,228500
7,1673,1673.0,1673,2.0,583.0,2000,2,3,270000
7,1459,1459.0,1459,2.0,527.0,2002,2,3,192000
7,1932,979.0,992,2.0,610.0,2003,2,3,213000
7,1729,860.0,860,2.0,542.0,2002,2,3,200000
8,2452,1028.0,1210,2.0,683.0,1998,2,4,267000
8,1592,1556.0,1592,2.0,484.0,1994,2,3,228000
8,2439,1531.0,1531,2.0,560.0,2001,2,4,275000
7,1992,860.0,1212,2.0,608.0,1996,2,3,211000
9,1668,1626.0,1668,3.0,702.0,2002,2,3,285000
8,2090,1220.0,1220,2.0,556.0,1995,2,3,240000
6,848,848.0,848,2.0,420.0,2003,1,1,131500
8,1341,1341.0,1341,2.0,482.0,1999,1,1,246900
7,1928,847.0,847,2.0,434.0,2003,2,4,219500
7,1337,1337.0,1337,2.0,531.0,2003,2,3,185000
7,1476,738.0,738,2.0,552.0,2007,2,3,179400
7,1797,939.0,939,2.0,639.0,2006,2,3,213500
7,1422,1422.0,1422,2.0,626.0,2004,2,3,179600
7,1190,1169.0,1190,2.0,578.0,2005,2,2,173500
6,1330,1330.0,1330,2.0,437.0,2006,2,3,167840
7,1491,738.0,738,2.0,484.0,2006,2,3,168675
5,1536,768.0,768,2.0,400.0,2005,2,3,167000
5,1214,1214.0,1214,2.0,461.0,1965,1,2,140000
5,936,936.0,936,1.0,384.0,1967,1,2,118500
4,1088,1088.0,1088,2.0,520.0,1963,1,2,110000
4,960,960.0,960,1.0,432.0,1965,1,3,94750
5,1351,901.0,901,2.0,576.0,1925,1,3,122000
6,1179,1179.0,1179,2.0,622.0,1960,1,2,110000
6,816,816.0,816,0.0,0.0,1990,1,3,118500
6,1044,960.0,1044,2.0,528.0,1976,1,3,133500
6,1113,1143.0,1113,1.0,504.0,1976,1,3,148000
5,2233,0.0,1100,2.0,579.0,1979,2,5,141000
5,1125,1125.0,1125,2.0,430.0,2006,1,2,155000
5,1090,1090.0,1090,2.0,450.0,2005,1,2,157000
5,1408,734.0,734,2.0,489.0,2005,2,3,171500
10,5095,5095.0,5095,3.0,1154.0,2008,2,2,183850
10,4676,3138.0,3138,3.0,884.0,2007,3,3,184750
6,1072,547.0,1072,2.0,525.0,2005,1,2,140000
5,960,960.0,960,1.0,392.0,1959,1,2,131750
4,1152,0.0,1152,0.0,0.0,1955,2,2,61500
4,948,864.0,948,1.0,248.0,1954,1,3,111000
5,1195,1195.0,1195,0.0,0.0,1946,2,4,98500
3,774,544.0,774,0.0,0.0,1931,1,3,79000
6,865,660.0,740,1.0,216.0,1920,1,2,108500
4,894,894.0,894,2.0,400.0,1954,1,3,110000
4,1346,560.0,796,1.0,384.0,1910,1,2,112000
4,768,768.0,768,1.0,355.0,1955,1,2,125000
4,864,864.0,864,2.0,528.0,1955,1,3,79275
4,948,948.0,948,1.0,280.0,1954,1,3,119000
6,3395,1440.0,1440,0.0,0.0,1914,2,8,200000
5,2592,1296.0,1296,0.0,0.0,1923,2,6,150000
6,1502,602.0,900,1.0,180.0,1923,1,3,165000
5,789,768.0,789,1.0,200.0,1926,1,2,96500
5,1422,1290.0,1422,1.0,352.0,1926,1,3,136500
6,1298,651.0,759,1.0,240.0,1921,2,2,146500
5,1768,731.0,981,1.0,240.0,1937,1,3,175000
7,1098,531.0,567,1.0,216.0,1930,1,2,148500
6,1436,585.0,851,1.0,228.0,1921,1,3,141500
7,1426,912.0,912,1.0,216.0,1918,1,3,189950
6,1461,686.0,686,1.0,225.0,1926,1,3,135000
7,1646,918.0,918,1.0,240.0,1941,2,4,164000
5,694,440.0,694,1.0,352.0,1913,1,2,90350
5,1250,661.0,661,2.0,552.0,1910,2,3,139000
5,954,920.0,954,1.0,240.0,1938,1,2,119750
6,1958,979.0,979,2.0,492.0,1946,2,4,145000
5,2002,1001.0,1001,3.0,871.0,1949,2,4,145000
7,1718,851.0,867,2.0,264.0,1927,2,4,238000
5,1226,0.0,1226,2.0,400.0,1951,1,2,153500
6,2624,1370.0,1370,3.0,864.0,1918,2,4,239000
8,3194,965.0,1940,2.0,380.0,1934,2,4,359100
4,1755,930.0,1230,1.0,231.0,1930,2,4,188000
6,1991,854.0,1096,2.0,432.0,1932,1,3,220000
5,1355,728.0,760,2.0,528.0,1941,2,3,140000
8,2727,853.0,1549,2.0,440.0,1932,2,3,315000
6,2320,1028.0,1436,1.0,180.0,1945,2,3,259500
6,1839,1477.0,1839,2.0,416.0,1957,2,3,257500
7,1740,800.0,960,1.0,240.0,1940,1,3,219500
6,2259,1809.0,2259,2.0,450.0,1953,2,3,217000
6,1560,1560.0,1560,2.0,580.0,1960,1,3,201000
6,1488,1488.0,1488,2.0,552.0,1968,2,3,215000
6,1045,516.0,529,2.0,462.0,1980,1,2,123900
4,1680,1680.0,1680,2.0,628.0,1995,2,4,170000
8,1020,1004.0,1020,2.0,509.0,1988,1,1,200000
7,1696,1696.0,1696,2.0,625.0,1971,2,3,198000
6,2515,2035.0,2515,2.0,484.0,1957,3,4,200624
8,2726,279.0,2726,2.0,691.0,1986,2,2,315000
5,1517,793.0,997,0.0,0.0,1919,2,3,115000
6,1215,720.0,720,2.0,720.0,1940,1,3,141000
5,803,720.0,803,2.0,360.0,1941,1,2,87000
5,1601,936.0,936,0.0,0.0,1925,2,3,129850
4,1123,732.0,772,1.0,264.0,1939,1,3,100000
5,1828,859.0,942,,,1923,2,3,150909
5,816,816.0,816,1.0,100.0,1922,1,2,75200
6,1012,1012.0,1012,1.0,308.0,1920,1,2,118400
5,1077,961.0,1077,1.0,338.0,1920,1,2,67000
5,1558,910.0,910,1.0,282.0,1950,1,4,152000
2,845,0.0,640,1.0,256.0,1939,1,1,68104
5,1991,957.0,1034,0.0,0.0,1895,2,4,119600
4,1073,1073.0,1073,2.0,720.0,1957,1,3,140000
5,1001,837.0,1001,1.0,216.0,1930,1,2,124900
8,1625,1573.0,1625,2.0,495.0,2006,2,2,375000
8,1625,1573.0,1625,2.0,538.0,2006,2,2,235000
6,1299,1001.0,1299,2.0,486.0,1979,2,2,183500
6,912,888.0,912,2.0,470.0,1978,1,2,156000
6,1080,1084.0,1080,2.0,484.0,1983,1,3,134000
5,1392,1441.0,1392,3.0,650.0,2002,2,3,215000
7,1409,1409.0,1409,2.0,576.0,2002,1,1,245000
7,1478,1454.0,1478,2.0,506.0,1991,2,3,210000
7,918,852.0,918,1.0,360.0,1975,1,3,148000
6,1026,970.0,1026,2.0,528.0,1974,1,2,143000
7,1501,1501.0,1501,2.0,512.0,1987,2,2,244000
7,1502,1502.0,1502,1.0,286.0,1998,1,1,330000
5,1328,1350.0,1328,1.0,308.0,1959,1,2,170000
6,2279,585.0,2279,2.0,461.0,1958,2,4,257000
7,1689,1689.0,1689,2.0,433.0,2006,2,3,231713
8,1564,1546.0,1564,2.0,502.0,2006,2,2,267300
8,1484,1476.0,1484,2.0,472.0,2006,2,2,265900
8,1571,1571.0,1571,3.0,722.0,2007,2,3,239000
8,1646,1638.0,1646,3.0,870.0,2006,2,3,248900
7,1240,1265.0,1240,2.0,528.0,1985,2,3,174000
7,1717,1156.0,1187,2.0,400.0,1990,2,3,187500
6,1756,872.0,888,2.0,422.0,1996,2,3,204000
8,1312,1267.0,1312,2.0,471.0,2001,2,2,180500
7,1146,868.0,1146,2.0,438.0,2003,2,3,187500
8,1922,1922.0,1922,3.0,692.0,2002,2,2,282000
6,1491,1491.0,1491,2.0,571.0,1996,2,3,178000
8,1629,1616.0,1629,3.0,808.0,2002,2,3,270000
7,2486,1122.0,1146,2.0,452.0,2003,3,5,279900
5,1572,1572.0,1572,3.0,995.0,1963,1,3,186700
8,1776,1732.0,1776,3.0,712.0,2006,2,3,283463
10,1824,1824.0,1824,3.0,932.0,2006,2,3,392000
8,2482,1094.0,1133,3.0,642.0,2005,2,4,281213
5,1120,1120.0,1120,0.0,0.0,2007,1,3,147000
3,2034,0.0,2034,4.0,1041.0,1953,1,2,130000
6,936,920.0,936,2.0,460.0,1996,0,0,140000
4,1040,1064.0,1040,2.0,648.0,1963,1,3,132250
5,1632,1632.0,1632,2.0,576.0,1967,2,4,143000
4,1622,1249.0,1622,4.0,1356.0,1961,1,3,168000
5,1060,1040.0,1060,2.0,572.0,1976,1,3,129900
5,1142,1142.0,1142,2.0,528.0,1976,1,3,134000
4,1092,546.0,546,1.0,253.0,1972,1,3,85500
4,992,530.0,530,1.0,297.0,1970,1,2,106500
4,1092,546.0,546,0.0,0.0,1970,1,3,93900
4,1092,546.0,546,1.0,286.0,1970,1,3,75000
4,630,630.0,630,0.0,0.0,1970,1,1,84500
4,1092,546.0,546,1.0,286.0,1976,1,3,75190
6,1062,1029.0,1062,2.0,539.0,1976,1,3,146800
5,1008,923.0,1008,2.0,678.0,1977,1,1,153500
6,1356,1244.0,1356,2.0,528.0,1977,2,3,188000
5,1676,1160.0,1676,2.0,672.0,1977,1,3,196000
5,1432,716.0,716,2.0,531.0,1977,1,3,157000
5,796,796.0,796,0.0,0.0,1971,1,2,138000
5,768,768.0,768,2.0,624.0,1970,1,2,129500
4,1608,1396.0,1608,1.0,444.0,1961,1,3,80000
4,845,845.0,845,2.0,360.0,1982,1,2,129500
5,1178,1090.0,1178,2.0,502.0,1976,1,3,135000
5,816,816.0,816,1.0,264.0,1982,1,2,124500
5,816,816.0,816,1.0,264.0,1983,1,2,139000
5,974,974.0,974,0.0,0.0,1991,1,3,93500
5,887,864.0,887,1.0,288.0,1984,1,3,124500
6,1293,1178.0,1293,2.0,452.0,1954,2,2,149900
6,1024,1008.0,1024,1.0,313.0,1956,1,2,157500
5,1797,1617.0,1797,3.0,963.0,1957,1,3,169000
6,1390,1705.0,1390,2.0,550.0,1957,1,1,252000
7,1851,1851.0,1851,2.0,506.0,1969,2,3,192100
6,1525,813.0,813,2.0,400.0,1997,2,3,183500
7,2236,964.0,993,2.0,642.0,1997,2,4,222000
6,1671,781.0,781,2.0,423.0,1995,2,3,170000
6,1498,691.0,691,2.0,409.0,1995,2,3,187500
6,1776,821.0,821,2.0,443.0,1996,2,3,202000
6,1511,802.0,802,2.0,413.0,1997,2,3,185000
7,2462,1392.0,1392,2.0,576.0,2005,2,4,320000
7,1670,1670.0,1670,3.0,690.0,2006,2,3,240000
8,2064,1074.0,1074,2.0,527.0,2005,2,4,250000
8,1801,893.0,901,3.0,800.0,2005,2,3,239900
7,2212,1700.0,1700,3.0,773.0,2005,2,3,309000
7,2021,868.0,887,2.0,422.0,2006,2,3,274725
8,2687,2062.0,2079,2.0,618.0,1994,2,4,270000
6,1169,1160.0,1169,2.0,402.0,1993,2,3,183500
6,1501,697.0,697,2.0,420.0,1993,2,3,165600
7,1632,935.0,955,2.0,462.0,1998,2,3,176500
8,1204,1191.0,1204,2.0,461.0,1987,2,2,130000
7,1767,1064.0,1064,2.0,504.0,1987,2,2,239000
8,1742,1742.0,1742,2.0,564.0,1985,2,2,275000
9,2798,1398.0,1414,3.0,670.0,2005,3,3,457347
10,3390,1528.0,1528,3.0,758.0,2006,3,5,545224
9,2473,1094.0,1102,3.0,675.0,2006,2,4,356383
9,2868,1992.0,1992,3.0,716.0,2005,3,4,556581
8,2576,1234.0,1264,3.0,666.0,2006,2,4,361919
10,2698,1850.0,1850,3.0,736.0,2006,2,4,535000
9,2795,1390.0,1390,3.0,660.0,2005,3,4,401179
10,2945,1410.0,1426,3.0,641.0,2006,3,3,438780
5,2320,0.0,1547,2.0,672.0,1948,2,2,169000
5,1056,1056.0,1056,2.0,572.0,1955,1,3,145000
9,1714,1714.0,1714,2.0,517.0,2005,2,2,318000
8,1826,1814.0,1826,3.0,758.0,2005,2,3,319000
9,2000,1910.0,2000,3.0,722.0,2005,2,3,470000
7,1621,1208.0,1621,2.0,440.0,1984,2,3,202500
7,2183,1204.0,1377,3.0,786.0,1988,2,4,229000
7,2263,795.0,1468,2.0,539.0,1977,2,3,235000
6,1574,796.0,790,2.0,566.0,1976,2,3,190000
6,1102,988.0,1102,2.0,582.0,1980,1,2,169000
7,1872,1845.0,1872,2.0,604.0,1988,2,3,241500
7,1857,945.0,945,2.0,482.0,1978,2,4,188900
6,1686,1686.0,1686,2.0,612.0,1980,2,3,207500
7,2784,1392.0,1392,2.0,564.0,1978,3,5,250000
6,1552,713.0,811,2.0,434.0,1975,2,3,179900
7,1083,1047.0,1083,2.0,596.0,1976,1,2,172000
7,2318,960.0,960,2.0,541.0,2005,2,3,294323
6,1875,675.0,1109,2.0,485.0,1975,3,3,184500
5,1074,1056.0,1074,2.0,495.0,1975,1,3,153500
7,1664,832.0,832,2.0,528.0,1976,2,4,162900
6,1309,1040.0,1309,2.0,484.0,1974,1,3,181000
6,1103,1103.0,1103,2.0,462.0,1974,2,3,155000
5,1096,1096.0,1096,1.0,299.0,1969,1,3,138800
4,864,864.0,864,1.0,280.0,1970,1,3,116050
4,858,858.0,858,0.0,0.0,1971,1,3,88000
4,874,864.0,874,2.0,576.0,1971,1,3,97500
6,1419,1487.0,1419,2.0,543.0,2002,2,2,190000
6,1092,525.0,525,2.0,440.0,1973,1,3,105500
5,1365,765.0,765,2.0,440.0,1973,1,3,125500
6,987,483.0,483,1.0,264.0,1973,1,2,83000
6,1030,494.0,494,1.0,264.0,1972,1,3,116000
6,1218,672.0,672,0.0,0.0,1971,1,3,91500
6,1218,672.0,672,1.0,264.0,1972,1,3,118000
6,948,483.0,483,1.0,264.0,1972,1,2,89000
6,1092,525.0,525,1.0,264.0,1972,1,3,108000
6,987,483.0,483,1.0,288.0,1972,1,2,94500
6,1069,1069.0,1069,2.0,440.0,1975,2,2,146300
5,1387,943.0,1387,1.0,300.0,1967,1,3,145000
5,900,864.0,900,1.0,288.0,1967,1,3,123000
7,1055,1055.0,1055,1.0,319.0,1976,2,2,137500
6,1456,855.0,855,2.0,460.0,1976,2,3,144000
9,1980,1980.0,1980,3.0,770.0,2004,2,3,315000
9,2589,1738.0,1738,3.0,831.0,2006,2,4,412083
9,2596,1249.0,1249,3.0,840.0,2006,3,4,342643
8,1618,1618.0,1618,3.0,880.0,2004,2,2,252000
10,2076,2076.0,2076,3.0,850.0,2006,2,2,465000
7,1740,1721.0,1740,3.0,874.0,2006,2,4,293000
9,1868,1868.0,1868,3.0,1085.0,2005,2,2,415000
9,1850,1833.0,1850,3.0,772.0,2004,2,3,326000
8,2376,1158.0,1158,3.0,853.0,2005,3,4,325300
8,2452,1117.0,1132,3.0,691.0,2004,3,4,309000
9,2206,1090.0,1117,3.0,670.0,2005,2,4,300000
8,2098,1030.0,1038,3.0,878.0,2005,2,3,275500
9,2091,1606.0,1625,2.0,521.0,2005,2,3,338500
9,2324,1175.0,1182,3.0,736.0,2005,3,4,345000
8,2253,1209.0,1209,2.0,575.0,2005,2,3,344133
8,2389,1054.0,1054,3.0,672.0,2006,2,4,298236
8,2358,1524.0,1544,3.0,784.0,2005,2,4,329900
9,1944,1896.0,1944,3.0,708.0,2003,2,3,360000
8,1970,1085.0,1120,3.0,753.0,2006,2,3,281000
9,1792,1792.0,1792,3.0,925.0,2005,2,2,372397
9,1780,1780.0,1780,3.0,816.0,2004,2,2,378000
9,1792,1792.0,1792,3.0,874.0,2003,2,2,374000
9,2728,1848.0,1848,3.0,706.0,2005,2,4,437154
8,1904,1058.0,1058,2.0,736.0,2005,2,3,275000
8,1914,1420.0,1426,3.0,746.0,2004,2,3,279000
7,1364,1364.0,1364,2.0,484.0,2005,2,2,185850
9,1565,1560.0,1565,2.0,556.0,2005,2,2,282500
7,1368,1368.0,1368,2.0,474.0,2005,2,2,202500
7,1368,1368.0,1368,2.0,474.0,2005,2,2,202665
9,1686,1686.0,1686,3.0,899.0,2006,2,1,332200
9,1666,1666.0,1666,2.0,575.0,2006,2,2,310090
7,1405,1405.0,1405,2.0,478.0,2003,2,2,171750
6,1316,1316.0,1316,2.0,397.0,2005,2,3,169990
6,1456,728.0,728,2.0,390.0,2005,2,3,170440
7,1492,738.0,738,2.0,440.0,2006,2,3,169985
7,1496,654.0,664,2.0,426.0,2006,2,3,179665
7,1863,879.0,879,3.0,660.0,2006,2,4,219210
6,1326,1326.0,1326,2.0,427.0,2006,2,3,174190
6,1456,728.0,728,2.0,429.0,2006,2,3,172785
8,2373,1052.0,1052,3.0,632.0,2004,2,4,258000
7,1492,738.0,738,2.0,440.0,2006,2,3,185101
7,1364,1220.0,1364,2.0,437.0,2006,2,2,210250
7,1557,1374.0,1557,2.0,420.0,2003,2,2,234000
8,1456,1273.0,1456,2.0,400.0,2003,2,2,215000
7,1511,1368.0,1511,2.0,398.0,2002,2,2,246990
7,1414,1375.0,1414,2.0,398.0,2004,2,2,178740
7,1548,1365.0,1548,2.0,388.0,2004,2,2,225000
7,1248,1248.0,1248,2.0,438.0,2005,2,2,167240
7,1142,1142.0,1142,2.0,440.0,2005,2,2,156820
7,1506,1362.0,1506,2.0,440.0,2005,2,2,213490
8,1567,1520.0,1567,3.0,648.0,2006,2,1,264561
7,1500,1356.0,1500,3.0,648.0,2006,2,2,246578
5,1838,732.0,734,2.0,372.0,2005,2,4,192140
6,1509,783.0,807,2.0,393.0,2002,2,3,183200
8,1414,707.0,707,2.0,403.0,2004,2,3,178000
7,1598,848.0,848,2.0,433.0,2004,2,3,201490
8,1936,1406.0,1454,2.0,504.0,2000,2,3,230500
7,1509,783.0,807,2.0,393.0,2003,2,3,180000
6,1664,953.0,953,2.0,460.0,2000,2,3,172400
6,1889,982.0,1008,2.0,431.0,2000,2,3,215000
7,1886,930.0,956,2.0,431.0,1998,2,4,199900
6,1671,959.0,959,2.0,472.0,2000,2,3,173000
7,2322,1035.0,1082,3.0,617.0,2006,3,4,287602
7,2291,975.0,1005,2.0,429.0,1999,2,4,230000
8,2392,1396.0,1407,3.0,870.0,1997,2,3,348000
8,1976,1044.0,1079,3.0,885.0,1998,2,3,286000
8,2234,1160.0,1205,3.0,768.0,2000,2,3,300000
10,3627,1930.0,1831,3.0,807.0,1995,3,4,625000
9,2855,1540.0,1540,3.0,774.0,2000,2,4,405000
8,1924,1086.0,1086,2.0,592.0,1998,2,3,280000
8,2263,1141.0,1165,2.0,420.0,1998,2,4,258000
8,2726,1342.0,1358,3.0,725.0,1995,2,4,350000
9,3500,1733.0,1933,3.0,959.0,1993,3,4,584500
8,2494,1290.0,1305,3.0,803.0,1994,2,4,321000
8,2526,1165.0,1203,3.0,844.0,1994,2,4,290000
8,2799,1286.0,1565,3.0,704.0,1993,2,3,315000
8,1964,1100.0,1116,2.0,760.0,2005,2,3,252000
8,1670,1670.0,1670,3.0,928.0,2006,2,2,336820
8,2097,2077.0,2097,3.0,1134.0,2005,1,1,423000
8,1660,1660.0,1660,2.0,500.0,2006,2,3,290000
7,1616,1616.0,1616,3.0,834.0,2005,2,3,232000
8,1504,1504.0,1504,2.0,510.0,2006,2,3,199000
8,1278,1278.0,1278,2.0,584.0,2006,2,2,198600
9,2640,2036.0,2036,3.0,792.0,2006,3,3,405749
8,1489,1489.0,1489,2.0,776.0,2006,2,3,232600
8,1939,1095.0,1095,3.0,1053.0,2006,2,3,266000
7,1553,756.0,756,2.0,615.0,2005,2,3,186500
6,1716,858.0,858,2.0,615.0,2005,2,3,200825
7,1576,770.0,778,2.0,614.0,2006,2,3,197000
6,1262,1262.0,1262,2.0,572.0,2006,2,2,185000
7,1266,1257.0,1266,2.0,453.0,2005,2,3,176000
7,1301,1293.0,1301,2.0,572.0,2006,2,2,187750
6,1142,1142.0,1142,0.0,0.0,2005,1,3,139500
7,1400,1400.0,1400,2.0,612.0,2005,2,3,186800
6,1131,1131.0,1131,0.0,0.0,2005,1,3,132000
6,1141,1141.0,1141,2.0,484.0,2005,1,3,142500
6,1158,1158.0,1158,2.0,576.0,2004,1,3,158000
7,1686,891.0,891,2.0,462.0,2005,2,3,184000
7,1585,784.0,831,2.0,449.0,2005,2,3,184900
6,1837,941.0,941,2.0,688.0,1997,2,3,187000
6,1603,761.0,810,2.0,484.0,1992,2,3,175900
6,1731,836.0,844,2.0,462.0,1992,2,3,248500
6,1398,1398.0,1398,2.0,542.0,1990,2,2,172000
6,1217,1217.0,1217,2.0,484.0,1991,2,2,151000
6,1320,636.0,636,2.0,472.0,1994,2,3,150000
4,1056,1056.0,1056,1.0,384.0,1966,1,2,107000
5,965,828.0,965,1.0,300.0,1965,1,3,119900
5,988,988.0,988,2.0,624.0,1962,1,3,129500
5,1728,1728.0,1728,2.0,504.0,1963,2,6,125000
6,1654,0.0,1286,2.0,528.0,1977,2,4,119500
5,1211,864.0,1211,2.0,576.0,1962,1,2,144000
6,1212,506.0,1212,2.0,492.0,1977,1,3,151000
5,984,984.0,984,1.0,310.0,1965,1,3,126000
5,909,882.0,909,1.0,294.0,1968,1,3,116000
5,925,925.0,925,2.0,484.0,1963,1,2,133500
5,1024,1024.0,1024,1.0,308.0,1965,1,3,120875
5,935,935.0,935,1.0,288.0,1965,1,3,137000
5,912,912.0,912,0.0,0.0,1964,1,3,124000
5,1236,912.0,1236,1.0,288.0,1961,1,3,135000
5,941,912.0,941,1.0,288.0,1967,1,3,129200
7,2646,1748.0,2151,2.0,550.0,1974,2,3,260000
8,2417,1288.0,1301,2.0,462.0,1991,2,4,260000
8,2826,1334.0,1520,3.0,888.0,1992,2,3,334000
8,2520,1338.0,1352,3.0,796.0,1993,2,5,310000
7,2295,1095.0,1166,2.0,590.0,1992,2,4,268000
8,1624,1624.0,1624,3.0,757.0,1994,2,2,262000
7,1143,1143.0,1143,2.0,588.0,2004,1,1,176400
8,1247,1247.0,1247,2.0,550.0,2005,1,1,197000
7,1200,600.0,520,2.0,480.0,2005,2,2,151000
7,1223,600.0,520,2.0,480.0,2005,2,2,147400
7,1223,600.0,520,2.0,480.0,2005,2,2,149900
7,1200,600.0,520,2.0,480.0,2005,2,2,144152
6,1524,756.0,768,2.0,440.0,2000,2,2,166000
7,1452,691.0,713,2.0,506.0,1999,2,3,183900
7,1382,673.0,673,2.0,490.0,2000,2,3,165000
7,1080,530.0,530,2.0,496.0,2003,2,2,139000
7,1694,569.0,854,1.0,434.0,1997,2,3,200000
8,1568,1568.0,1568,2.0,564.0,2001,2,3,221000
8,1494,1494.0,1494,2.0,481.0,1995,1,2,270000
6,1208,1208.0,1208,2.0,546.0,1977,1,3,165000
8,1235,1235.0,1235,2.0,484.0,1980,1,1,214000
8,1036,1036.0,1036,2.0,484.0,1980,1,1,188000
8,1226,1226.0,1226,2.0,484.0,1980,1,1,190000
8,1226,1226.0,1226,2.0,484.0,1978,1,1,170000
9,1842,1842.0,1842,3.0,894.0,1981,0,0,385000
5,1193,1153.0,1193,2.0,501.0,1972,2,2,146500
7,1920,570.0,1222,2.0,487.0,1968,3,4,170000
7,2156,1568.0,2156,2.0,508.0,1968,2,3,262500
6,1416,708.0,708,2.0,776.0,1968,2,3,179900
6,2654,1054.0,1512,2.0,619.0,1968,2,4,250000
6,1790,732.0,1012,2.0,484.0,1972,1,4,165150
7,1334,1334.0,1334,2.0,477.0,1967,2,3,164500
7,1164,1164.0,1164,2.0,528.0,1969,1,3,140000
5,980,980.0,980,1.0,384.0,1967,2,3,135500
5,1051,1051.0,1051,2.0,504.0,1968,1,3,142000
5,1770,900.0,884,2.0,530.0,1968,1,4,155000
6,976,976.0,976,2.0,504.0,1968,1,2,157500
5,1052,1052.0,1052,1.0,288.0,1968,1,3,138500
5,898,833.0,898,1.0,326.0,1968,1,3,140000
5,1051,1051.0,1051,1.0,264.0,1966,1,3,124400
5,1141,1141.0,1141,1.0,568.0,1967,1,3,158000
5,1200,864.0,1200,2.0,884.0,1965,1,1,146000
6,1993,825.0,1097,2.0,495.0,1971,2,4,190000
5,1050,1050.0,1050,1.0,368.0,1961,1,3,136500
5,864,864.0,864,2.0,624.0,1958,1,3,129900
5,1712,1626.0,1712,2.0,588.0,1959,2,4,145000
6,1565,1187.0,1565,1.0,299.0,1965,2,3,185900
6,1251,1251.0,1251,1.0,461.0,1964,1,3,160000
6,1488,1008.0,1488,2.0,430.0,1964,1,3,167000
5,1440,720.0,720,2.0,480.0,1964,1,4,157500
6,1095,588.0,1095,1.0,264.0,1958,1,2,140000
5,1053,1008.0,1053,2.0,750.0,1958,1,3,150000
5,1248,1248.0,1248,1.0,286.0,1960,1,3,151500
6,816,816.0,816,1.0,240.0,1934,1,2,129800
5,1008,1008.0,1008,1.0,275.0,1954,1,2,137000
5,1043,938.0,1043,1.0,273.0,1947,1,2,137000
4,1230,747.0,774,1.0,305.0,1946,1,3,121600
4,869,440.0,869,0.0,0.0,1923,1,2,85500
4,747,600.0,747,2.0,528.0,1926,1,1,79900
5,1252,504.0,936,2.0,576.0,1908,1,3,127000
5,1433,1251.0,1433,2.0,441.0,1961,1,3,161000
5,1624,1444.0,1624,1.0,240.0,1952,1,2,146500
5,1216,1056.0,1216,1.0,280.0,1951,1,3,135000
5,2136,2136.0,2136,2.0,528.0,1951,2,4,137900
6,1578,806.0,958,1.0,240.0,1941,1,3,133000
5,1728,704.0,1024,1.0,234.0,1949,1,3,137000
5,936,936.0,936,1.0,240.0,1954,1,2,121000
5,1584,1584.0,1584,2.0,506.0,1967,2,4,119000
6,1246,1246.0,1246,2.0,441.0,1964,1,3,172000
5,1235,1235.0,1235,2.0,480.0,1961,1,2,98600
7,2157,924.0,1216,2.0,487.0,1966,2,4,226000
5,1128,936.0,1128,1.0,286.0,1954,1,2,118000
8,3112,1360.0,1360,2.0,795.0,1918,2,4,235000
6,1008,1008.0,1008,2.0,430.0,1963,1,2,135000
5,1190,1106.0,1190,2.0,540.0,1962,1,3,132500
5,1144,1144.0,1144,1.0,796.0,1959,1,3,143000
5,1364,1179.0,1364,1.0,331.0,1957,1,3,132000
6,1383,1383.0,1383,1.0,292.0,1960,1,3,145250
6,1336,1121.0,1336,2.0,488.0,1958,1,3,162000
5,1370,1058.0,1370,1.0,300.0,1956,1,3,148000
5,1092,1092.0,1092,1.0,299.0,1957,1,2,141000
6,1124,1124.0,1124,1.0,353.0,1956,1,3,153000
5,1236,1070.0,1236,1.0,447.0,1957,1,2,134450
5,943,943.0,943,2.0,600.0,1979,1,2,135960
6,1050,1050.0,1050,1.0,286.0,1954,1,3,156000
6,1375,1367.0,1375,2.0,451.0,1954,1,2,140000
5,1008,1008.0,1008,1.0,280.0,1952,1,2,139500
6,1575,216.0,1575,2.0,400.0,1951,1,2,155000
5,1145,301.0,1145,2.0,684.0,1956,1,3,127000
5,1005,1005.0,1005,1.0,319.0,1956,1,2,133500
5,1056,1056.0,1056,1.0,300.0,1955,1,3,125000
5,884,884.0,884,1.0,270.0,1951,1,2,142000
7,2039,929.0,2039,3.0,791.0,1941,1,3,167000
5,1384,1015.0,1384,2.0,896.0,1956,1,2,159000
5,2640,2171.0,1392,3.0,1008.0,1925,2,5,180000
6,1312,784.0,900,2.0,649.0,1947,1,3,127000
6,1310,617.0,865,1.0,398.0,1924,2,2,112000
3,713,713.0,713,1.0,371.0,1930,1,2,99800
5,833,833.0,833,1.0,326.0,1954,1,2,117000
5,1073,1073.0,1073,1.0,326.0,1921,1,2,108480
3,715,715.0,715,2.0,660.0,1929,1,2,68000
4,720,448.0,448,1.0,280.0,1900,1,1,86900
5,1130,1120.0,1130,2.0,720.0,1920,1,2,120000
6,1595,663.0,774,2.0,528.0,1915,2,3,155500
4,1760,1077.0,981,2.0,648.0,1910,1,4,80000
3,1214,672.0,694,3.0,936.0,1915,1,3,105000
5,2414,954.0,1766,2.0,520.0,1900,2,3,160000
5,1466,796.0,1096,2.0,566.0,1936,2,3,170000
6,1324,1088.0,1324,2.0,440.0,1965,2,3,160000
5,1086,1024.0,1086,2.0,484.0,1966,1,3,159950
6,1146,1083.0,1146,1.0,294.0,1963,1,3,165000
6,1734,912.0,1085,2.0,440.0,1962,1,3,159000
6,1207,1135.0,1207,1.0,264.0,1962,1,3,147000
5,912,912.0,912,1.0,288.0,1964,1,2,115000
6,1194,655.0,1194,2.0,539.0,1959,1,3,159500
6,864,864.0,864,1.0,288.0,1959,1,2,120000
5,816,816.0,816,1.0,308.0,1957,1,2,129900
6,1773,1313.0,1773,2.0,418.0,1961,2,3,183000
7,1472,0.0,1472,2.0,484.0,1959,2,2,157500
7,2448,1438.0,1900,2.0,441.0,1962,3,3,277500
5,1600,1484.0,1600,1.0,319.0,1957,1,2,207500
4,1521,910.0,910,1.0,597.0,1950,1,3,147500
4,1192,720.0,720,0.0,0.0,1949,1,4,135000
5,1040,0.0,1040,2.0,625.0,1950,1,2,109500
4,1040,0.0,1040,2.0,420.0,1950,1,2,109900
5,1040,1040.0,1040,1.0,286.0,1959,1,3,133700
3,1040,0.0,1040,2.0,400.0,1950,2,2,81400
3,1040,0.0,1040,2.0,400.0,1949,2,2,87500
3,1040,0.0,1040,2.0,400.0,1950,2,2,93500
5,1556,1556.0,1556,0.0,0.0,1960,2,4,119000
5,1150,1150.0,1150,1.0,300.0,1959,1,3,141000
5,1150,1150.0,1150,1.0,288.0,1961,1,3,146000
6,1348,660.0,660,2.0,453.0,1966,1,3,155000
5,999,925.0,999,1.0,300.0,1962,1,3,134500
7,1045,1045.0,1045,2.0,528.0,1962,1,3,120000
5,864,864.0,864,1.0,336.0,1962,1,3,105000
5,1025,1025.0,1025,0.0,0.0,1962,1,3,124000
5,2014,716.0,1007,2.0,624.0,1900,2,5,169000
4,1328,686.0,810,1.0,210.0,1925,1,3,107000
5,1668,1212.0,1226,1.0,240.0,1948,1,3,135000
4,1657,1147.0,1147,1.0,162.0,1920,1,4,111500
6,1416,780.0,940,2.0,400.0,1900,1,3,156500
7,1641,728.0,832,2.0,546.0,1925,1,3,178000
7,1428,712.0,848,2.0,576.0,1900,1,4,139900
7,1004,502.0,502,1.0,200.0,1930,1,2,105000
6,813,813.0,813,1.0,270.0,1930,1,2,110000
4,1951,938.0,1084,2.0,576.0,1900,2,4,111500
6,1032,1032.0,1032,1.0,280.0,1924,1,2,108000
5,844,844.0,844,1.0,216.0,1925,1,2,111500
5,1750,636.0,1089,1.0,240.0,1880,1,3,124000
4,864,576.0,864,1.0,528.0,1950,1,2,105000
6,1118,648.0,734,2.0,440.0,1920,1,2,116000
3,1376,738.0,714,1.0,216.0,1905,1,2,96900
5,960,960.0,960,2.0,576.0,1955,1,3,135500
5,1566,816.0,816,2.0,450.0,1924,1,5,139000
3,492,492.0,492,1.0,200.0,1921,1,1,61500
6,1182,770.0,885,1.0,378.0,1945,1,3,120000
3,1163,1162.0,1163,1.0,220.0,1955,1,3,126175
3,840,798.0,840,1.0,250.0,1920,1,2,64000
6,1928,1020.0,908,1.0,440.0,1910,2,4,137000
4,1774,1095.0,1095,3.0,779.0,1900,2,4,87000
7,1768,880.0,880,2.0,320.0,1914,1,2,163000
7,2104,1226.0,1226,2.0,432.0,1910,2,5,155000
5,1440,540.0,889,1.0,352.0,1900,1,3,79000
7,1690,815.0,815,1.0,225.0,1916,1,3,144000
6,1368,684.0,684,1.0,216.0,1910,1,3,114504
7,1762,596.0,998,2.0,576.0,1920,1,4,157000
6,1200,1200.0,1200,1.0,312.0,1923,1,4,125000
10,3608,1107.0,1518,3.0,840.0,1892,2,4,475000
5,1248,624.0,624,0.0,0.0,1920,2,2,93500
5,960,960.0,960,2.0,624.0,1958,1,3,125000
3,1020,1020.0,1020,0.0,0.0,1918,1,2,64500
4,788,788.0,788,0.0,0.0,1941,1,2,100000
6,1577,972.0,972,1.0,312.0,1939,1,3,140200
6,1827,848.0,1017,1.0,240.0,1924,1,2,202500
6,1664,1004.0,1004,2.0,420.0,1947,2,3,159000
5,1118,793.0,793,2.0,410.0,1939,1,3,119900
6,1176,816.0,816,2.0,528.0,1934,1,3,114500
5,1344,896.0,896,1.0,240.0,1936,1,3,115000
3,1162,728.0,728,1.0,258.0,1930,1,3,75000
5,1015,768.0,1015,1.0,450.0,1925,1,3,88000
4,912,0.0,672,0.0,0.0,1947,1,2,80500
5,1576,1042.0,1042,1.0,225.0,1928,1,3,149000
5,1324,741.0,741,1.0,180.0,1930,1,3,110000
6,1103,1103.0,1103,2.0,440.0,1925,1,2,110500
5,616,616.0,616,1.0,205.0,1921,1,2,89000
5,1048,993.0,1048,1.0,280.0,1922,1,2,113000
5,816,816.0,816,1.0,210.0,1925,1,2,109000
6,2486,1595.0,1611,2.0,576.0,1962,2,5,220000
4,960,960.0,960,2.0,576.0,1970,1,3,129000
6,1635,485.0,1001,1.0,255.0,1910,1,2,117000
4,693,693.0,693,0.0,0.0,1941,1,2,52500
4,1430,596.0,834,2.0,370.0,1924,2,3,107000
5,1330,396.0,665,1.0,390.0,1910,1,3,116500
5,819,610.0,819,0.0,0.0,1919,1,2,72000
6,1376,780.0,780,1.0,198.0,1937,2,3,119500
5,1360,803.0,803,1.0,297.0,1938,1,2,125500
3,1077,1007.0,1077,1.0,210.0,1922,1,3,91000
6,754,520.0,520,0.0,0.0,1935,1,2,84500
6,984,984.0,984,1.0,308.0,1930,1,3,90000
5,1422,806.0,1081,1.0,288.0,1951,1,3,137500
6,1921,1921.0,1921,2.0,576.0,1964,2,4,150000
5,1640,0.0,1640,2.0,394.0,1950,1,3,131000
5,1352,1062.0,1352,1.0,288.0,1958,1,3,130000
5,1032,0.0,1032,1.0,260.0,1935,1,2,125000
5,879,830.0,879,1.0,180.0,1936,1,2,80000
7,1073,1073.0,1073,1.0,246.0,2004,2,2,157000
4,1382,1051.0,1382,2.0,459.0,1963,1,3,148000
4,1296,0.0,1296,2.0,516.0,1967,2,2,90000
6,1068,1059.0,1068,1.0,264.0,1963,1,3,154500
5,1064,1064.0,1064,2.0,528.0,1967,1,3,153600
5,1320,1164.0,1320,2.0,564.0,1966,1,3,164500
6,934,912.0,934,1.0,336.0,1964,1,2,132000
5,1059,1059.0,1059,1.0,286.0,1966,1,3,142500
5,1159,1051.0,1159,1.0,336.0,1968,1,3,158000
6,1400,672.0,672,2.0,440.0,1978,1,3,149500
5,1458,1176.0,1458,2.0,512.0,1967,1,3,165000
5,1721,1461.0,1721,2.0,440.0,1968,2,3,180000
6,1040,960.0,1040,2.0,616.0,1978,1,3,160500
5,1967,1967.0,1967,2.0,580.0,1977,2,6,156500
5,1949,1949.0,1949,2.0,586.0,1977,2,6,157000
5,1920,1052.0,1252,2.0,451.0,1958,2,4,172500
5,1803,1134.0,1803,2.0,484.0,1957,2,3,155000
5,1779,1763.0,1779,2.0,454.0,1955,1,3,170000
5,872,872.0,872,1.0,322.0,1924,1,2,105000
4,960,648.0,960,1.0,364.0,1965,0,0,145000
5,1437,1188.0,1437,2.0,576.0,1956,1,3,168000
7,1830,1865.0,1830,2.0,521.0,1967,1,2,278000
5,1000,1000.0,1000,2.0,575.0,1963,1,1,164000
7,2287,1304.0,1304,2.0,667.0,1953,2,3,225000
5,810,782.0,810,2.0,576.0,1971,1,2,130000
5,894,864.0,894,2.0,440.0,1974,1,3,142500
7,1700,430.0,880,1.0,450.0,1980,2,2,148400
7,1453,1453.0,1453,2.0,445.0,1986,1,2,190000
4,1350,967.0,1350,2.0,504.0,1954,1,3,146000
5,1150,799.0,799,1.0,215.0,1942,1,3,128000
5,2008,896.0,1112,1.0,230.0,1948,3,3,225000
6,2201,697.0,1575,2.0,432.0,1966,2,4,274970
6,2009,672.0,1337,3.0,795.0,1928,2,4,235000
6,3672,1836.0,1836,2.0,836.0,1935,3,5,415000
5,1560,1776.0,1560,2.0,528.0,1962,2,3,182000
5,1488,0.0,1488,2.0,569.0,1952,1,3,135000
5,1057,1057.0,1057,1.0,288.0,1955,1,3,137000
6,1855,994.0,1216,1.0,325.0,1954,2,4,136900
6,1609,1000.0,1068,1.0,305.0,1953,1,5,149900
5,1148,980.0,1148,1.0,308.0,1952,1,2,123500
5,1124,0.0,1124,0.0,0.0,1954,1,3,93000
5,1456,810.0,1002,1.0,280.0,1948,1,4,91500
6,1298,1298.0,1298,2.0,403.0,1985,2,3,180000
6,2559,868.0,1313,2.0,506.0,1989,2,4,209000
8,1911,777.0,1065,2.0,471.0,1993,2,3,215000
6,1440,1344.0,1440,4.0,920.0,1993,2,2,224500
7,1876,1308.0,1308,3.0,848.0,2005,2,3,229800
7,1208,1208.0,1208,2.0,632.0,2005,2,2,183600
7,1220,1199.0,1220,2.0,632.0,2006,2,2,194000
7,1294,1286.0,1294,2.0,662.0,2006,2,2,193879
7,1614,1614.0,1614,3.0,865.0,2005,2,3,221500
7,1498,1498.0,1498,2.0,675.0,2006,2,2,204900
7,1962,1391.0,1391,3.0,868.0,2006,2,3,239799
6,1846,1836.0,1846,2.0,495.0,2006,2,3,233555
7,1734,1734.0,1734,2.0,660.0,2005,2,3,260000
8,1590,1570.0,1590,3.0,754.0,2005,2,2,294900
7,1809,945.0,945,2.0,638.0,2005,2,3,209700
7,1614,1614.0,1614,2.0,576.0,2005,2,3,225000
7,1596,784.0,784,2.0,610.0,2005,2,3,181000
8,1915,908.0,927,2.0,506.0,1992,2,3,220000
5,1582,1624.0,1582,2.0,390.0,1964,2,4,190000
6,988,938.0,988,2.0,540.0,1969,1,1,180000
7,1533,1533.0,1533,2.0,576.0,1975,2,2,280000
6,1388,1388.0,1388,2.0,522.0,1968,2,3,158900
5,914,870.0,914,2.0,576.0,1996,1,2,148000
5,1100,1100.0,1100,2.0,462.0,1996,1,3,145000
6,1499,781.0,795,2.0,473.0,1995,2,3,187000
7,1425,1425.0,1425,2.0,591.0,1998,2,3,193000
5,990,990.0,990,2.0,576.0,1995,1,3,156000
7,1525,1525.0,1525,2.0,541.0,2000,2,3,235000
6,1494,1479.0,1494,2.0,576.0,1997,2,3,217000
7,1588,1588.0,1588,2.0,472.0,1999,2,3,214000
7,1749,842.0,856,2.0,515.0,1999,2,3,196000
7,1779,951.0,951,2.0,586.0,1999,2,3,217000
7,1861,916.0,920,2.0,492.0,2002,2,3,200000
7,1776,936.0,936,2.0,474.0,2002,2,3,192500
7,1541,1541.0,1541,3.0,843.0,2001,2,3,205000
5,954,911.0,954,2.0,576.0,1976,1,3,132500
6,1388,675.0,686,1.0,317.0,1977,1,3,157500
6,1282,995.0,1282,3.0,672.0,1978,2,3,174000
5,971,971.0,971,1.0,300.0,1969,1,3,128500
5,864,864.0,864,1.0,288.0,1972,1,3,128500
5,894,894.0,894,2.0,552.0,1972,1,3,149900
5,864,864.0,864,1.0,297.0,1972,1,3,119900
6,1320,630.0,630,2.0,484.0,1993,2,3,137000
8,1989,1065.0,1091,2.0,586.0,2002,2,3,255000
7,1762,826.0,878,2.0,591.0,2002,2,3,222000
6,1755,840.0,840,2.0,530.0,1999,2,3,214000
8,1358,1348.0,1358,2.0,418.0,2002,1,1,220000
8,1787,1753.0,1787,3.0,748.0,2001,2,3,275000
7,1909,872.0,872,2.0,529.0,2002,2,4,197000
7,1654,1654.0,1654,3.0,900.0,2002,2,3,230000
8,2214,1090.0,1090,3.0,646.0,1999,2,3,268500
7,2049,1065.0,1065,2.0,467.0,1996,2,4,210900
7,1939,1054.0,1070,3.0,555.0,1998,2,3,227000
7,1995,930.0,950,2.0,610.0,1995,2,4,237000
7,2097,1108.0,1108,2.0,583.0,1998,2,3,274300
7,1836,1860.0,1836,2.0,484.0,2004,2,3,216837
6,848,848.0,848,2.0,420.0,2003,1,1,133000
6,848,848.0,848,2.0,420.0,2004,1,1,155900
8,1919,1079.0,1079,2.0,685.0,2006,2,3,233230
7,1390,1390.0,1390,2.0,545.0,2003,2,3,207000
7,1948,847.0,847,2.0,434.0,2004,2,4,195000
6,1700,1682.0,1700,2.0,544.0,2003,2,3,200000
7,1737,851.0,851,2.0,578.0,2006,2,3,203160
7,1611,784.0,784,2.0,572.0,2005,2,3,195800
7,1552,1552.0,1552,3.0,782.0,2005,2,3,212900
7,1720,860.0,860,2.0,565.0,2004,2,3,196500
7,1336,1336.0,1336,2.0,502.0,2005,2,3,198000
6,1500,750.0,750,2.0,564.0,2005,2,3,173900
6,1456,728.0,728,2.0,390.0,2005,2,3,163990
7,1310,1310.0,1310,2.0,400.0,2005,2,3,164990
4,1436,676.0,760,2.0,528.0,1910,2,3,98000
5,1466,1466.0,1466,2.0,528.0,1959,1,3,149900
4,1220,836.0,1220,2.0,396.0,1951,1,2,102000
6,1012,976.0,1012,0.0,0.0,1975,2,4,127500
6,980,945.0,980,0.0,0.0,1975,2,4,127500
5,1176,1176.0,1176,1.0,360.0,1969,1,2,119900
7,1724,796.0,806,2.0,616.0,2003,2,3,196500
6,914,914.0,914,0.0,0.0,2002,1,2,117250
7,2314,1150.0,1164,2.0,502.0,2003,2,3,229000
5,1072,547.0,1072,2.0,525.0,2005,1,2,145000
6,1072,547.0,1072,2.0,525.0,2005,2,2,140000
6,1072,547.0,1072,2.0,525.0,2005,1,2,142500
7,1709,970.0,970,2.0,380.0,2004,2,3,134000
7,1709,970.0,970,2.0,380.0,2004,2,3,130000
6,1709,970.0,970,2.0,380.0,2004,2,3,130000
7,1709,970.0,970,2.0,380.0,2004,2,3,137500
7,1708,976.0,976,2.0,380.0,2004,2,3,130000
4,936,624.0,624,1.0,265.0,1948,1,3,97900
6,1338,832.0,846,2.0,528.0,1915,2,3,92000
4,1669,1093.0,1093,1.0,288.0,1924,1,4,107000
5,1184,658.0,658,0.0,0.0,1910,1,5,81000
5,1221,784.0,949,1.0,392.0,1924,1,4,104900
5,864,864.0,864,2.0,572.0,1955,1,2,115000
4,1482,954.0,1482,2.0,609.0,1954,2,3,125000
5,1250,686.0,686,1.0,280.0,1918,1,3,116000
4,1414,864.0,964,0.0,0.0,1922,1,3,83000
4,2230,795.0,954,1.0,440.0,1912,1,5,118500
2,498,498.0,498,1.0,216.0,1922,1,1,35000
4,1273,616.0,1055,1.0,275.0,1910,1,3,121000
5,1928,686.0,948,0.0,0.0,1916,2,5,160000
6,1595,940.0,1192,1.0,240.0,1940,1,2,140000
5,1551,1058.0,1058,1.0,240.0,1938,2,3,137000
6,1340,780.0,816,1.0,440.0,1945,1,3,128000
7,1479,624.0,743,1.0,312.0,1926,1,3,160000
5,1784,747.0,892,1.0,180.0,1914,1,4,138887
6,1510,755.0,755,1.0,216.0,1920,1,3,149000
5,1522,1008.0,1008,0.0,0.0,1926,2,4,102000
7,1636,818.0,818,1.0,288.0,1919,1,4,167000
7,1802,793.0,901,1.0,216.0,1920,1,4,200100
5,1465,992.0,992,1.0,240.0,1939,2,3,131000
5,1288,824.0,824,1.0,240.0,1941,1,4,112000
7,1717,756.0,961,3.0,642.0,1915,1,3,140000
6,1550,817.0,940,1.0,318.0,1920,1,3,195000
8,1517,792.0,792,2.0,400.0,1929,1,3,230000
5,1717,901.0,1125,1.0,410.0,1940,1,2,194000
4,1180,700.0,1180,1.0,252.0,1922,1,2,137500
7,2057,1017.0,1020,1.0,180.0,1936,1,3,250000
7,1671,1022.0,1122,2.0,451.0,1929,2,4,218000
6,2345,952.0,1170,2.0,360.0,1932,2,4,239000
7,1609,637.0,959,3.0,579.0,1932,1,3,199500
6,1801,697.0,1104,2.0,365.0,1930,1,3,210000
6,1811,1073.0,1811,2.0,470.0,1956,1,2,230000
5,1647,1430.0,1647,2.0,621.0,1977,2,3,217500
5,2315,1168.0,1278,1.0,342.0,1950,2,4,257000
5,1336,1165.0,1336,1.0,375.0,1953,1,2,157000
6,1844,1844.0,1844,2.0,540.0,1969,2,3,223000
5,976,976.0,976,1.0,215.0,1942,1,2,102000
6,1285,861.0,861,2.0,506.0,1926,1,3,145400
4,672,432.0,672,0.0,0.0,1925,1,2,72000
4,641,641.0,641,1.0,272.0,1925,1,2,85000
4,951,951.0,951,1.0,327.0,1936,1,2,106500
6,1638,967.0,967,1.0,384.0,1957,2,4,139000
4,1336,637.0,897,1.0,570.0,1920,1,3,108000
3,729,0.0,729,0.0,0.0,1945,1,2,51689
2,480,480.0,480,1.0,308.0,1949,0,1,35311
5,1396,660.0,1060,0.0,0.0,1951,2,4,115000
3,936,216.0,576,0.0,0.0,1916,1,2,78000
8,1778,1573.0,1778,2.0,495.0,2005,2,2,375000
8,1646,1594.0,1646,2.0,525.0,2004,2,2,300000
6,1625,1625.0,1625,2.0,576.0,1979,2,3,242500
6,1664,1664.0,1664,2.0,616.0,1978,2,4,145000
8,1491,1491.0,1491,2.0,490.0,2001,2,3,209000
6,1004,975.0,1004,2.0,504.0,1977,1,2,135000
6,1210,1128.0,1210,2.0,528.0,1975,2,3,148000
7,1959,1907.0,1959,3.0,766.0,1988,3,5,171000
7,2519,1210.0,1238,2.0,628.0,1989,2,4,335000
7,1295,0.0,1295,1.0,312.0,1986,2,2,230000
6,1650,1632.0,1650,2.0,518.0,1958,1,2,250764
8,1707,1686.0,1707,2.0,511.0,1981,2,2,228000
6,1137,1112.0,1137,2.0,551.0,1987,2,2,176000
7,1339,1309.0,1339,2.0,484.0,1990,2,2,180000
7,2514,1216.0,1298,2.0,693.0,1990,2,4,250000
6,1403,1381.0,1403,2.0,470.0,2000,2,2,202000
8,1800,1800.0,1800,3.0,765.0,2002,2,3,312500
8,1960,1728.0,1960,3.0,714.0,2005,2,3,320000
8,2028,1868.0,2028,3.0,880.0,2005,2,2,369900
9,1838,1838.0,1838,3.0,682.0,2005,2,3,359900
1,1600,0.0,1600,1.0,270.0,1951,1,3,81500
7,1368,1288.0,1368,4.0,784.0,1997,2,2,215000
6,1216,1216.0,1216,2.0,402.0,1998,2,2,164000
6,1337,1237.0,1337,2.0,405.0,1998,2,2,153500
5,1140,1140.0,1140,0.0,0.0,2006,1,3,84500
5,1304,264.0,616,1.0,336.0,1977,1,3,104500
5,1475,757.0,925,1.0,336.0,1977,2,4,127000
6,2521,942.0,1291,2.0,576.0,1973,2,5,151400
5,874,864.0,874,1.0,288.0,1968,1,3,126500
5,1652,1652.0,1652,3.0,928.0,1970,2,4,146500
4,630,630.0,630,0.0,0.0,1970,1,1,73000
4,1092,546.0,546,1.0,253.0,1972,1,3,79400
5,1360,1104.0,1360,1.0,336.0,1969,1,3,140000
5,630,630.0,630,0.0,0.0,1970,1,1,92000
4,1092,546.0,546,1.0,286.0,1970,1,3,87550
4,1092,546.0,546,0.0,0.0,1970,1,3,79500
4,1092,546.0,546,0.0,0.0,1970,1,3,90500
4,1092,546.0,546,1.0,286.0,1970,1,3,71000
6,1728,1728.0,1728,2.0,574.0,1976,2,4,150900
5,1728,1728.0,1728,2.0,560.0,1976,2,4,188000
5,1126,1126.0,1126,2.0,484.0,1977,2,3,160000
5,1224,1224.0,1224,2.0,576.0,1960,1,4,131000
6,1003,1003.0,1003,2.0,588.0,1984,1,3,142500
5,902,864.0,902,2.0,484.0,1983,1,2,131000
5,970,912.0,970,0.0,0.0,1992,1,3,132000
5,1389,1389.0,1389,2.0,418.0,1974,1,2,170000
7,2000,996.0,996,3.0,650.0,1993,2,3,188000
